	z_supply	z_reduction	z_drain	RSI	z_shared	z_effector	z_upstream	gene_HMGCR	gene_MVD	gene_CYB5R3	gene_MTARC1
GSM362958	0.6244533050109958	1.3399920248376942	-0.05667434158086001	1.038897006505205				0.4273500238403118	0.6760098310093821	2.0315464347746945	0.8363976218569733
GSM362959	0.34559040777424344	0.6156825532720119	-1.01496571565938	1.495602196182508				0.5292734053485126	0.12806595290564302	1.0257130596554567	0.1421018992853313
GSM362960	-0.3571154811868265	1.0174108946101468	0.16523976930280715	0.164907937408853				0.7908126484638957	-0.18094890858309542	1.238400293160843	1.4926919513292791
GSM362961	-0.69758850365868	-0.6204378866881964	-0.08101820335593794	-0.5779949918175002				-2.3178504875362345	0.433895094172847	-0.9549368023634885	-0.7771209878472424
GSM362962	-0.055994315111480696	-0.2924808666129129	0.41965467577146803	-0.5938922666336648				-0.28419056404712933	0.00382286426584104	-0.7333876007953747	0.4635731436121424
GSM362963	-0.17002282399632826	-0.5356931113550442	0.5598682476346869	-0.9127262153103731				-0.22072883593824963	-0.6237640193762335	-0.5472862714781592	0.38038090466494734
GSM362964	-0.3319263296075562	1.0694313102846886	0.44654714886127267	-0.07779465852270645				-0.25919048933757083	-1.14940785592924	-0.48968347907044985	0.9873761295759549
GSM362965	0.4349316204678522	2.0311584445687285	-0.3112045996099603	1.5442496321282508				-0.1409209051346581	-0.2669633545644955	1.546353683340525	-0.40737770363749193
GSM362966	-0.4403565775928843	0.243281019450423	-0.3162278787670747	0.21769009969584402				-0.7476534875089492	0.42752365372977813	-2.09591519043928	-0.4145671563860145
GSM362967	-0.3400840758779501	-0.2877917298708754	0.5457858596202148	-0.8597237624946275				-1.3284244538386982	-0.3370491994382304	-0.443158146741144	0.25816020794005795
GSM362968	-0.02152108434622432	0.00038617059702733547	0.2826889220124442	-0.2932563788870427				-1.9236185401931927	2.192412656459267	0.9238004269341215	-0.48851581322796456
GSM362969	-0.33380615192852925	-0.1410921931647198	0.4019681118810816	-0.6394172844277062				-1.4601556167313727	0.08346586980417506	-0.36561592619230354	-0.06536516574347288
GSM362970	1.0582505549816965	-0.11882161230814185	0.033036908603897484	0.4366775627328799				0.8860052406272156	0.644152628794049	-0.09532590027920393	0.6720672733193065
GSM362971	0.07619738733291663	0.028931026519443865	0.11620900730700479	-0.06364480038082454				-0.35630616417085664	1.4023540415189901	0.5449512922526467	-0.6240883507715402
GSM362972	0.3676894135496388	0.8679050730037897	-0.007925902309519431	0.6257231455862337				-0.6918840900799337	-0.12360594459549396	0.5914766245819487	-1.0256706400104632
GSM362973	-0.2439906269859118	-0.41345875920322667	0.8191896606924564	-1.1479143537870256				-2.2303502260527788	0.3096520055330436	-0.31022862580027805	1.195870259283119
GSM362974	0.26498412334305854	0.4498615271839734	1.260934958047624	-0.9035121327841079				-0.46688341769390507	0.2427518808808431	0.757638525758037	2.390346480216284
GSM362975	0.16621958769588657	-0.3188698606540769	0.14645131732387953	-0.2227764538029747				-0.41688326827478717	1.5488971717095261	-0.3057976417689143	0.09280279472403123
GSM362976	-0.10115047500280326	0.2443912774626088	-0.2058080979410514	0.27742849917095413				-0.9466925438504359	0.790695758984585	-1.5464731705503574	-0.8541508387242738
GSM362977	0.3173785939686708	-0.13953383757352059	0.7462632497772171	-0.657340871579642				-0.18899797188380935	1.5329685706018596	-0.46752855891363887	1.6005337425571233
GSM362978	0.1741198515890861	0.40020435447610286	0.37967003645982106	-0.09250793342722657				-1.1072699467926015	0.06753726869650854	-0.6359059521054032	-0.15574685743918965
GSM362979	0.2963500198478059	0.08096316638483758	0.7225448411028084	-0.5338882479864866				-0.6014992045915287	0.9117531274028511	0.06197403283415688	1.145544090043459
GSM362980	-0.057875528261987975	-0.0890247620027968	0.57574801851895	-0.6491981636513423				-1.5322712168551	0.4976094986035131	0.42309923139018435	0.30335105378791677
GSM362981	-0.6602295869499721	0.2228446312566502	-0.1844679489174962	-0.03422452892916475				-2.076503612455494	-0.5473067340594324	0.27687675835522707	-1.250597804571394
GSM362982	0.3941060966154814	1.5354494915196233	-0.9886870089455769	1.9534648030131292				0.7946588138038283	0.7843243185415162	-0.5694411916349702	-1.5689878548631238
GSM362983	0.23720210300288996	0.5054934221745113	-0.35806979898392427	0.7294175615726248				0.08792593259130217	-0.10767734348782744	1.2251073410667597	0.34340657624397275
GSM362984	-0.4890163966629711	0.5872363496331591	-0.0702229845705671	0.11933296105566109				-0.804384426272948	-1.0219790470679049	0.735483605601226	-0.7247406892508609
GSM362985	0.0866141140905512	-0.4038381553500614	0.3868503607052589	-0.545462381335014				0.8927360299720974	-0.12042022437396094	0.13508526935163354	0.4224905564777248
GSM362986	0.21714611236639406	0.9292037321091321	-0.38250471722367746	0.9556796394614406				1.6388921059189272	-0.6779212631423005	-0.34789199006685634	0.26021433729677945
GSM362987	-0.10956038563817574	0.48259894887207877	-0.2573175603576487	0.4438368419746002				-1.4495786620465594	-0.47722088918569894	0.3699274230138348	-1.4611460636352795
GSM362988	0.7145685240752212	0.9394038991531084	-0.630373534692022	1.457359746306187				1.9994701065375629	0.2427518808808431	0.212627489900474	-0.4176483504210959
GSM362989	0.10455954281749436	0.16083376404499541	0.5602603108811811	-0.42756365744993624				-0.2957290600669261	-0.22873471190609498	-0.002275235620596184	0.7593677709799409
GSM362990	-0.35016911316810795	-0.16640950294442805	0.48943099088030556	-0.7477202989365735				-1.382270768597748	-1.640008770045379	-0.011137203683319793	0.4604919495770611
GSM362991	-0.5233386011510005	-0.13046584885979032	-0.1531575784041438	-0.1737446466012516				-0.9457310025154525	-0.563235335167099	0.1816106016809394	-0.2543450665617898
GSM362992	1.1352279465571988	1.1239979581856774	-0.5205719558157499	1.650184908187188				2.2167784482437263	1.2494394708853882	-0.531777827368392	-0.5943034750990882
GSM362993	0.07246281987771785	-0.10404809146905446	-0.3014755682115952	0.2856829324159269				1.0821596729637541	0.2937234044253771	-0.5207003672899845	-0.029417902000858143
GSM362994	1.0601564925664928	1.4922464587686344	0.32832268842687884	0.9478787872406846				1.2965833906649693	1.4182826426266566	1.6238959038893654	1.3889584188148778
GSM362995	-0.4371386987822582	-0.24208751193917277	0.40170942022013767	-0.7413225255808531				-0.8630384477069126	-0.5218209722871655	-0.19059205695349554	0.5447112532026142
GSM362996	0.35027431308567697	-0.11417703705679473	0.5303521803703447	-0.4123035423559036				-0.08995921438055768	-1.0952506121631729	0.030957144614618338	1.0736495625582294
GSM362997	-0.17999424871175657	-0.037428027320918544	0.44297756789871195	-0.5516887059150495				-0.5264989804628523	-0.22236327146302892	-0.2171779611416703	1.1732748363591894
GSM362998	-0.30893384405981	-0.240468854596682	-0.49437745054956594	0.21967610122131997				-1.572655952924387	-0.23829187257069545	-0.9106269620498666	0.03117891402240571
GSM362999	-0.5020668156068622	-0.3738070416312314	-0.7462378388972644	0.3083009102782176				-1.3457321978683927	-0.7320785069083675	-1.2606747005274865	0.13902070525024993
GSM363000	-0.12092125357604301	-0.18160825445797127	0.7003824220645868	-0.8516471760815939				-0.6178454072862406	-0.9327788808649705	0.5205808800801519	0.2591872726184178
GSM363001	0.008103061188151097	-0.04509238649031198	1.0557654988237115	-1.074260161474792				-1.593809862294014	-0.40394932409043094	0.3411260268099801	0.9904573236110362
GSM363002	-0.4232454410873654	-0.28892016806571	0.3550394850239536	-0.7111222896004914				-0.7207303301294239	-0.8308358337759025	-0.03550761585581464	-0.36526805182471533
GSM363003	-0.061443211262563205	-0.6531499682807818	0.8191735041627249	-1.1764700939343975				-0.45630646300909167	-0.34023491965976344	-0.5627947155879265	0.8620742388159841
GSM363004	0.039309235095554965	-0.3942529818109737	1.014983357436927	-1.1924552307946363				-0.6139992419463081	0.6600812299017156	-0.30358214975323433	1.062351851096264
GSM363005	-0.03797301370551738	-0.37654644005664045	0.8086391439786668	-1.0158988708597456				-0.06111297433106659	0.13762311357024207	-0.8330847415010262	0.7080145370619212
GSM363006	0.4387389997459058	-0.5375625809549478	0.8070527013204449	-0.856464491924966				1.6821614659931634	0.7588385567692492	-0.44094265472546407	0.7326640893425703
GSM363007	-0.5105687009640609	-0.26257107846396316	0.41420386083862476	-0.8007737505526369				-0.7149610821195264	-1.0856934514985725	-0.10418786834193147	-0.05304038960314832
GSM363008	-0.3493091425097627	-0.35091948597446126	-0.8015596928200778	0.4514453785779658				-0.2332288732930289	0.9404246093966525	0.17717961764957563	-1.245462481179592
GSM363009	-0.36204306100591344	-0.15599967118165137	-0.9551972382242059	0.6961758721304234				-0.1755363931940476	-1.2386080221321745	0.2059810138534303	-0.3180230766201359
GSM363010	-1.0362661773895165	0.6477170408046778	-2.325349486375297	2.1310749180828776				-1.482271067435983	0.7588385567692492	1.610602951795278	-2.4070726324052236
GSM363011	0.7437523467680859	1.239791485256205	-1.3795036343940807	2.371275550406226				0.9975440354852475	1.7304832243369295	0.29238520246499433	-1.621368153459505
GSM363012	0.6423608271499959	-0.43261738624081003	0.0077808125776984705	0.09709090787689445				-0.5389990178176324	0.669638390566316	0.4009443112333733	-1.1694596949809213
GSM363013	0.10999581568186087	-0.03771429890388086	-1.1752286274647612	1.211369385853751				0.5456196080432236	1.134753542910188	-0.2947201816905068	-1.647044770418515
GSM363014	0.24206484958056249	0.009287891429402043	0.5355106987129661	-0.4098343282079838				-0.20822879858347038	-0.9264074404219045	0.41645275534314063	0.500547472033117
GSM363015	-0.15545195108755724	0.4035403097876375	1.072154190478314	-0.948110011128274				0.08792593259130217	-0.6460640609269674	1.2251073410667597	1.4218244885224112
GSM363016	0.19966081840677674	-0.052339521014050816	0.4965244243745148	-0.4228637756781518				-0.7697689382135585	1.0168818947134535	0.4939949758919811	-0.07358168317035622
GSM363017	-0.03351159358969109	1.0796078621627612	-0.3777974305999979	0.900845564886533				0.6388891175365777	-1.12073637393544	0.5936921165976325	-0.22661432024605838
GSM363018	-0.34589040581043123	-0.3640666876262995	0.4083904779034289	-0.7633690246217943				-0.2188057532682838	-0.018477177284892937	0.3477725028570238	-0.4833804898361626
GSM363019	-0.6879547176367105	-0.7251380725686088	0.6664555908350478	-1.3730019859377074				-1.2572703950499544	0.331952047083779	-0.4276497026313767	0.6597424971789809
GSM363020	-0.03460841673871789	-0.27633920731193534	0.9143388878440807	-1.0698126998694073				-0.18707488921384352	-0.8531358753266365	0.14837822144572094	1.041810557529056
GSM363021	-0.11654056315156167	-0.5980080265030392	0.7511322458111013	-1.1084065406384016				-0.7418842394990508	-0.556863894724033	-0.5450707794624793	1.1188404084060883
GSM363022	-0.027726356610792917	-0.645838009873024	0.6881647626557652	-1.0249469458976737				-0.7813074342333552	0.21089467866551007	-0.7422495688580983	0.8117480695763224
GSM363023	-0.6290050357172611	-0.29750590215690975	0.8301702495918152	-1.2934257185289006				-1.4409247900317126	-0.18732034902616146	-0.5029764311645373	0.9093192140205626
GSM363024	0.3532850971160353	-0.26146930315928335	0.564371430614568	-0.518463533636192				0.4013884077957699	0.38929501107137904	0.03760362066166203	0.45124836747181696
GSM363025	0.2796939534501051	-0.081501822089257	0.6864781729688518	-0.5873821072884278				-0.4697680416988543	-0.2191775512414945	-0.12191180446737869	0.5940103577639142
GSM363026	-0.20674507111676474	-0.49239358526991256	0.6950486723050044	-1.044618000498343				-1.0726544587332127	-0.20006322991229494	-0.3700469102236673	0.6967168255999555
GSM363027	0.606422392782275	-0.138174764120128	0.26406798795607633	-0.02994417362500279				1.0283133582047044	1.2589966315499888	0.4651935796881264	-0.158828051474271
GSM363028	-0.10401820991188934	-0.1657673203466074	0.3501699327070873	-0.48506269783633565				-0.8457307036772184	-0.502706650957966	-0.05766253601262564	0.37729971062986595
GSM363029	0.49007110493547756	0.9258073484282822	-0.7083279457791237	1.4162671724610036				0.6177352081669509	1.0742248587010537	1.3004340695999161	-0.37245750457323795
GSM363030	-0.31538440645638754	0.752920167257307	-0.28778778317329007	0.5065556635737498				0.958120840750943	-1.257722343461374	0.9526018231379761	0.24480836712137263
GSM363031	0.43621190434348905	0.6018693929038741	-0.11117684021385792	0.6302174888375395				1.1311982810478878	-0.22236327146302892	-0.6270439840426796	0.39167861612691296
GSM363032	0.5369610715702823	-0.24517194627571468	-0.938196598415152	1.0840911610624357				2.092739616030916	1.3991683212974586	-0.6912932524974327	-0.06947342445691501
GSM363033	0.24711869264612019	-0.782996064537508	-1.5230972359396047	1.2551585499939106				1.907162138379192	2.1892269362377355	-0.19723853300053923	-0.39299879814044586
GSM363034	-0.16834891775596686	1.5035226801626473	0.6708927029309716	-0.003305821727631386				-0.8120767569528122	0.280980523539245	2.7117024835888075	1.6878342402177577
GSM363035	-0.34978802048582697	0.09328363111098735	0.4255645247767375	-0.5538167194641573				-1.130346938832194	-1.9776951135279162	0.9814032193418308	0.53546767109737
GSM363036	0.11638159675637504	-0.31393199999464266	0.9228234965415255	-1.0215986981606593				-0.9822695732448078	-0.6269497395977665	-1.3936042214683564	0.9791596121490705
GSM363037	0.07599221846220146	-0.028038850115192433	-0.8281094038583601	0.8520860880318646				0.49273483461915735	0.6600812299017156	-0.22160894517303015	-1.5309864617637883
GSM363038	1.0556347984812835	-0.692021048677668	-0.2187663681448974	0.40057324304670516				-0.6601532260254934	1.1825393462331877	-1.4667154579858332	-0.5326795943974627
GSM363039	0.5250437901865149	0.4570956453751515	0.984856711728002	-0.49378699394716885				0.23888792218363764	-0.502706650957966	-0.8020678532814915	-0.14239501662050433
GSM363040	-0.2780163225683672	-1.2512359164184923	0.264495986652857	-1.0291221061462867				-0.09284383838550687	3.680143999915354	-1.030263530896649	0.5775773229101475
GSM363041	-0.9047975480868634	0.4002263654283625	-1.4114408258883284	1.159155234559078				-0.673614804715256	0.3415092077483795	0.801948366071659	-2.2447964132242775
GSM363042	-0.11192622161406478	-0.12063628998768981	0.48356026737296703	-0.5998415231738443				-1.0909237440978905	2.42178451240967	0.14173174539867725	0.4892497605711514
GSM363043	-0.08789848062219792	-0.5709323617939509	0.14724644833039743	-0.4766618695384719				-0.12457470243994716	1.185725066454722	-0.4342961786784204	-0.3991611862106086
GSM363044	-0.3772383902436274	-0.4857003921009119	0.7054929933091304	-1.1369623844814				-0.1274593264448955	-0.891364517985037	0.1594556815241284	0.3896244867701914
GSM363045	-1.4635668844575835	-4.033639404471618	-2.571633729013144	-0.17696941545145695				-1.696694785137198	-1.464794157861043	-9.471288110641817	-1.4159552177874215
GSM363046	-0.3985640689912398	-0.7034464119598299	0.19806629000442263	-0.7490715304799576				-0.2995752254068578	0.08983731024724252	-0.31909059386300165	-0.2553721312401505
GSM363047	0.2848945636337998	-0.2764147470543164	0.7541921119383416	-0.7499522036485999				0.4119653624805833	0.9085674071813196	0.1616711735398083	0.7275287659507692
GSM363048	0.605508797320261	-0.023194292080113883	-0.37960296385723663	0.6707602164773101				1.5783150018149958	1.5998686952540602	-0.7156636646699275	0.4245446858344463
GSM363049	0.8653075115531925	0.2577338426772143	0.8881333348861772	-0.3266126577709738				1.8552389062901082	2.6384134874739384	-0.20166951703189906	1.285224886300475
GSM363050	-0.4278052036011534	1.0325271046419167	-0.10510179560227846	0.40746274612266004				-0.538037476482649	0.14399455401330954	0.9747567432947871	0.30129692443119527
GSM363051	-0.7436854307839157	-0.5613555593883538	-3.0373557291119977	2.384835234025863				-0.825538335642574	-0.42943508586269796	-0.9571522943791725	-1.5217428796585442
GSM363052	-0.05994160092546004	1.2942795657216022	-1.5606034854088737	2.177772467806945				0.4831194212693272	-0.03440577839255946	0.5560287523310503	-2.162631238955445
GSM363053	0.46109117349835904	-0.07665221434750273	0.5727406391741052	-0.38052115959867705				1.6686998873034016	-0.6460640609269674	-0.2858582136277832	1.890165981854761
GSM363054	0.30459461109419345	1.5370099949697236	-1.9487566498916233	2.869558952923582				-0.8832308157415562	0.8034386398707171	1.8587380575515666	-2.415289149832107
GSM363055	-1.3261784383592727	0.7076920130207576	-2.3443595206844603	2.0351163080152026				-0.9947696105995871	-0.8818073573204365	0.932662394996845	-1.6090433773191797
GSM363056	-0.16551655476468993	0.9626518085483933	-0.59360133675091	0.9921689636427616				-0.7370765328241358	2.281612822662203	1.366898830070353	0.0660991130866606
GSM363057	-0.007823885658015107	0.4132409182624707	-0.26874003909056327	0.47144855539279107				0.6427352828765094	0.24593760110237753	-1.0967282913670822	-2.1010073582538196
GSM363058	-1.0126642004912199	-1.2631908404466212	0.10125971731202627	-1.2391872377809467				-0.961115663875181	0.3223948864191785	-0.6381214441210871	-0.5234360122922195
GSM363059	-0.23561343817377248	-0.4097859229321217	0.5676852215528014	-0.8903849021057485				-1.2620781017248694	-1.20675081991684	-0.2526258333925647	0.38243503402166884
GSM363060	-0.07835770722284845	-0.6210413158700051	1.0121633481563206	-1.3618628597027473				-0.9716926185599944	-1.4679798780825775	-0.24597935734552498	1.4094997123820858
GSM363061	-0.15178371045141442	-0.4835704706681366	0.731874702540019	-1.0495517930997944				-0.4082293962599404	-0.20006322991229494	-0.21496246912598643	0.6607695618573408
GSM363062	0.11036910314611913	-0.482248506107005	0.7789719221699739	-0.9649116236504168				0.5581196453980029	-0.5473067340594324	-0.5871651277604214	1.0428376222074158
GSM363063	-0.9145610000022535	-0.8793126467213206	-0.30041680010601596	-0.596520023255771				-2.2870811648167773	0.12169451246257557	-0.32573706991004536	-1.121187655097982
GSM363064	0.08017170321223276	-0.4054156805852511	0.5412484538476193	-0.7038704425341284				0.05811815120682859	2.1637411744654687	0.07305149291256041	0.8631013034943439
GSM363065	-0.13139138572617776	-0.47850214652963396	0.7811301872869426	-1.0860769534148484				-0.005343576902051119	-0.10130590304475998	-0.5162693832586246	0.6114704572960408
GSM363066	-0.6170383637660638	-0.9606449410478984	0.37176317293131395	-1.160604825338295				-0.7245764954693564	0.5549524625911131	-0.2769962455650596	0.030151849344045863
GSM363067	-0.1855524469948242	-0.21049930511938078	0.36652663287908543	-0.5645525089361879				-0.6082299939364096	-0.203248950133828	-0.2570568174239285	0.307459312501358
GSM363068	0.03693759643862674	-0.577796302369391	0.6033558580728854	-0.8737852110382676				0.8446589632229453	-0.008920016620292459	-0.7666199810305931	0.2848638895774286
GSM363069	0.6244083640040626	0.9690185854773036	0.1209170207513842	0.6757964539892989				0.44946547454492114	-0.22236327146302892	0.47405554775085	0.6659048852491437
GSM363070	0.026308571638024605	0.4058255232281827	-0.3725948336529588	0.5886618810860624				0.06581048188669282	0.8066243600922516	-0.21274697711030652	0.4800061784659091
GSM363071	0.7782261593073415	2.4328077723704014	-0.36493261683638667	1.9704495826752582				1.1860061371419208	1.0805962991441196	3.9413005522918434	-0.8397719332272278
GSM363072	0.32513361265146035	-0.4532412901228631	0.41087295786770345	-0.47492679660340487				1.058121139589178	1.3864254404113237	-1.3625873332488219	0.33827125285216986
GSM363073	-0.8274121137751368	-0.3322128283459525	-0.9363078776913976	0.3564954066308529				-0.5755375885469869	-0.7352642271299019	0.8861370626675431	-0.8048517341629737
GSM363074	-0.061260906414449263	1.2659994663908785	-0.5926064956042659	1.1949757755924804				-0.3649600361857042	0.45300941550204515	0.3167556146374892	-1.670667258020805
GSM363075	0.4613315695515695	1.3424473830854486	-0.2733735282432515	1.1752630045617605				0.3638882957314312	-1.20675081991684	1.0811003600474822	0.001394038349953708
GSM363076	-1.2402001814142434	1.1263321129476103	-1.3384308934572768	1.2814968592239602				-1.2784243044195804	-1.2959509861197744	1.8786774856926978	-1.231083575682547
GSM363077	-0.015497713492736098	-0.4285280820681872	0.7096633863206302	-0.9316762841010918				-0.28419056404712933	0.08665159002570808	-0.8242227734383025	0.8014774227927184
GSM363078	0.14675371220372085	0.16628205427829304	-1.0583990245075097	1.2149169077485167				0.11196446596587822	-0.34342063988129645	1.0589454398906712	-2.7398415881939986
GSM363079	0.35038209566408446	1.5371512792366062	-0.31100973065926346	1.2547764181096088				1.4533146282672023	0.02293718559504058	1.8875394537554213	0.10307344150763519
GSM363080	-0.007882733450483974	0.11479496233359883	-2.4538317342608704	2.5072878487024277				0.7235047550150843	0.06116582825344108	1.8964014218181449	-1.9130545221138633
GSM363081	-0.280209964095268	1.658176979147987	-2.0038545509681627	2.692838058494522				-0.8745769437267086	-1.3405510692212426	2.9332516851569213	-2.2858790003586944
GSM363082	0.2281484714472018	0.44911200729727224	-0.08845114901356493	0.42708138838580195				0.22542634349387586	0.9850246924981205	0.34334151882566005	0.2037257799869559
GSM363083	-0.40930062151652263	0.5239632845884686	-1.6543181177678932	1.711649449303866				-0.34669075082102657	0.382923570628313	0.7421300816482698	-1.3635749191910402
GSM363084	0.23073226435526117	1.3735432728996522	0.33934060737400706	0.4627971612534496				-0.7284226608092882	-0.09493446260169394	1.4688114627916844	0.5282782183488475
GSM363085	0.2550407433102401	1.0457706445566293	-0.2185952112427024	0.8690009051761372				1.8465850342752606	1.9471121994011977	1.2206763570353958	-0.5675997934617166
GSM363086	0.6597787230920761	0.48086309246275016	0.13736875030530493	0.43295215747210825				0.7561971604045071	-0.29244911633676246	-0.4475891307725078	0.5313594123839288
GSM363087	-0.23180346895473297	0.4626746845526943	-0.26711736467489033	0.382552972473871				1.4888916576615743	0.28735196398231105	1.7036536164538858	-0.4874887485496047
GSM363088	-1.0001432490408249	0.2442978089291603	-3.7769568803657108	3.3990341603098786				-0.9765003252349095	1.7750833074383947	0.7221906535071386	-3.886045769244224
GSM363089	-0.3112337673307785	-0.3195393011656888	0.42122190400127124	-0.7366084382495048				-0.5447682658275299	-1.1589650165938405	-0.2659187854866521	0.25097075519153533
GSM363090	0.1655438726635982	-0.23743704209553895	0.5998359626235868	-0.6357825473395572				-0.3082290974217054	-1.1079934930493065	-0.5783031596976939	0.42146349179936493
GSM363091	-0.34221735253320806	-0.4142447295006826	0.349680014298154	-0.7279110553150994				-0.21207496392340205	-0.231920432127628	0.39651332720200955	0.13183125250172642
GSM363092	-0.35673913217321335	-1.0135796391251393	-0.2027187346974004	-0.4824406509517759				-0.7245764954693564	-0.31156343766596345	-0.4276497026313767	-1.741534720827674
GSM363093	-0.4922884307981486	-0.8026212486342571	0.663846074504956	-1.311300914221159				-1.0774621654081278	0.3415092077483795	-0.7178791566856074	0.5991456811557171
GSM363094	-0.080096377918937	-0.4546063489114999	0.747859300363134	-1.0152106637783525				-0.11495928909011623	0.637781188350983	-0.47639052697636247	0.6155787160094838
GSM363095	-0.5209925809585486	-0.2789447555529558	-0.49053700024779673	0.09056833199204456				0.2331186741737401	-1.5985944071654454	0.33669504277861634	-1.3954139242202128
GSM363096	-0.4226511691819431	-0.27298734746907233	0.661701485180546	-1.0095207435060538				-1.03996205334379	-0.9805646841879715	0.23478241005728498	0.13080418782336659
GSM363097	-0.25156577034935196	-0.7277974060534511	0.48532318895236143	-0.9750047771537629				-1.0793852480780937	-1.2640937839044415	-0.8663171217362446	0.396813939518714
GSM363098	0.20283475569331877	0.2966915284362368	-1.392513614619842	1.6422767566846197				0.41965769316044754	2.6097420054801397	1.1852284847844974	-1.9551641739266399
GSM363099	-0.9556372075728012	-1.3881295942976941	-2.086924999712419	0.9150415987771712				-0.768807396878576	-0.7065927451361005	-1.291691588747025	-3.6878222863206633
GSM363100	-0.07301323620769497	0.4960803162862681	-1.731069235123422	1.9426027751627086				1.0888904623086348	-0.47084944874263146	2.226509732154638	-1.6100704419975405
GSM363101	-0.24056166160055056	0.2628655530880207	0.22979521691466598	-0.2186432711709309				-0.06495913967099913	-0.45810656785649795	0.3854358671236021	1.3088473739027642
GSM363102	-0.06748466634098207	1.1420635324694195	0.3571762043905597	0.18011322867365903				-0.6197684899562064	0.8448530027506506	0.910507474840034	0.570387870161625
GSM363103	-0.1546870298141813	-0.7911455554568447	0.17760669814579486	-0.6505229907813079				0.40811919714065076	0.5581381828126476	-0.5051919231802171	-0.3991611862106086
GSM363104	0.019795880629915805	-0.34467125735376475	0.9012533752533103	-1.0636910636152348				-0.8639999890418951	0.08665159002570808	-0.5694411916349702	-0.029417902000858143
GSM363105	0.625455749005944	0.7015310518290542	0.20740706687270968	0.45608633354478934				-0.03226673428157636	-0.06307726038635948	0.2857387264179507	0.2294023969459667
GSM363106	0.35260184252594245	-0.36814976603002586	-0.05159179157927646	0.043817829827234756				1.8917774770194635	2.3325843462067373	-1.1897789560256897	-0.2255872555676985
GSM363107	0.06990920655838749	0.4239013910074914	-0.3510545072623177	0.5979598060452571				0.0071564604527281535	0.510352379489648	0.8396117303382373	-0.1064477528778896
GSM363108	0.22267596076874582	0.29260668648549176	0.4832348746729364	-0.22559355104581763				0.29561886094763645	0.7269813545539161	0.2369979020729649	0.05274727226797437
GSM363109	-0.33142469932721713	0.5708351415134663	-1.463096757630936	1.5828019787240606				0.4965809999590899	-1.3214367478920415	1.2849256254901489	-2.0260316367335096
GSM363110	-1.1480971584220914	-1.4656946770809396	0.15155459090924164	-1.4584505086607573				-0.9697695358900286	-0.3689064016535635	-2.426023500775773	-0.9363160129931063
GSM363111	-0.4027420201467232	-0.9665391367506362	0.013649916905476603	-0.6982904953541563				-1.011115813294299	-0.008920016620292459	0.3787893910765584	-1.11605233170618
GSM363112	0.2562627601423075	-0.42799111937099926	0.7453328547828276	-0.8311970343971735				-0.930346341155724	-0.34023491965976344	-0.053231551981261865	0.699798019635037
GSM363113	-0.6456930209021802	-0.43152094183137263	0.5210059704992348	-1.0596129518660113				-1.1341931041721267	-0.0057342963987594385	-0.004490727636280038	-0.42997312656142134
GSM363114	-0.1242886850899007	-0.486366636979886	0.2928719653880826	-0.5981996264229759				-0.5861145432318002	-0.410320764533497	-0.22382443718871006	0.07123443647846257
GSM363115	0.3365925262564535	-0.22418079267889404	-0.07917962248110744	0.13538548926988714				0.3888883704409906	-0.3211205983305625	0.6224935128014872	0.8692636915645067
GSM363116	-0.26749187801868934	-0.5418341127633611	0.5926078182795579	-0.9972708136705831				-0.1957287612286911	0.3701806897421781	-0.398848306427522	0.23248359098104807
GSM363117	-0.39119766152373747	-0.5381392406979507	-0.14698168447514118	-0.31768676663570294				-0.26111357200753665	-1.480722758968711	-0.03107663182445087	-0.8346366098354258
GSM363118	0.027464216039051994	-0.17153312268072254	0.4105527593862282	-0.4825872127070635				0.239849463518621	0.07709442936110902	0.604769576676036	0.3957868748403542
GSM363119	-0.14967856856206177	-0.42477239509447423	0.5289584549533487	-0.8161839367816167				-0.8245767943075915	0.07390870913957458	-0.24597935734552498	0.4389235913314915
GSM363120	-0.6890928696807395	-1.0769967026133105	0.14113799816074188	-1.0241827843077669				-0.5236143564579039	0.05160866758884202	-0.6314749680740434	0.03528717273584784
GSM363121	-0.5206754399465067	0.4064827711195	-2.4219550239183567	2.3648586895048536				-2.029388087041326	-0.002548576177226417	-0.5140538912429408	-2.05376238304924
GSM363122	0.17379370590644536	-1.9832832640249658	-0.2494349007012376	-0.6553098783580226				1.3677374494537131	-0.254220473678362	-4.5905592000962505	-1.1098899436360172
GSM363123	0.3536593396838818	-0.01489390581467868	-0.2585978111416682	0.42798052807626974				-0.5976530392515971	0.7811385983199846	0.02874165259893842	-0.5203548182571381
GSM363124	0.0178607430828752	0.22888016329590755	0.7372660424531202	-0.6138955892637289				-0.8245767943075915	0.27460908309617615	0.4585471036410827	0.03528717273584784
GSM363125	0.3287687311263197	0.5317001412124932	-0.3308238289616019	0.7610582651310084				1.379275945473509	0.905381686959785	0.7930863980089354	-0.41354009170765466
GSM363126	-0.15190843723796152	1.1662223920602646	-0.6490885210169474	1.156245498428099				0.23888792218363764	-1.076136290833972	2.707271499557444	-0.6949558135784089
GSM363127	0.4212341497645804	0.9508436843922055	-0.5611812407574345	1.2472201578358275				1.5725457538050973	-0.41669220497656445	0.7443455736639496	0.5436841885242544
GSM363128	-0.3990321788239576	0.6249928080073556	-0.9190561973770371	1.032036511968736				-0.9640002878801301	-0.5536781745024999	-0.015568187714683566	-1.4878497452726511
GSM363129	0.7457146765692627	0.3494695464227318	-0.22963964812200102	0.7772317596179983				2.9379344494809976	1.3927968808543925	-0.017783679730363485	1.953843991913106
GSM363130	0.09173521279081762	0.5390956817625582	-0.09650741680280063	0.4119228640794885				0.38792682910600723	0.9276817285105177	0.8861370626675431	-0.3169960119417751
GSM363131	0.07675905335124654	-0.6803811304825905	0.26415149285224804	-0.56596253141792				0.6475429895514244	-0.42624936564116495	-0.6447679201681308	0.2869180189341501
GSM363132	0.14773810113852037	-0.5464035621523327	0.7057487239382926	-0.9050814544451987				0.5013887066340049	1.6540259390201286	-0.08646393221648031	0.4779520491091876
GSM363133	-0.7685340079325089	-0.6507055769836817	0.08900613891385321	-0.7986259313719486				-1.1005391574477206	-0.8244643933328365	-0.30801313378459416	-0.5470584998945087
GSM363134	0.05120302072660412	-0.6414652356867507	0.6182099297723941	-0.9133410372524674				0.3465805517017369	0.5230952603757801	-0.7178791566856074	-0.19682944457360638
GSM363135	-0.2871708111495825	-0.03749106850198467	-0.20463328442322262	0.042302344597439034				0.009079543122693998	0.4912380581604471	0.82410328622847	-0.3775928279650399
GSM363136	-0.20830471801774975	-0.4078369780347093	0.6650792982266603	-0.9731501462528899				0.1436953300203185	-0.4963352105148985	-0.18837656493781169	0.08150508326206653
GSM363137	-0.31008391274564306	-0.20673884200070602	0.12982975964794274	-0.3882411370211173				-0.7553458181888134	-0.37846356231816397	0.9238004269341215	-0.6980370076134903
GSM363138	-0.19564338798733566	-0.1940123246005324	1.0284580952490037	-1.2232859515429377				-0.8514999516871159	-0.1936917894692275	-0.2526258333925647	1.1208945377628081
GSM363139	0.040397309847119346	-0.6101677150372107	0.3573255660300751	-0.6422107686251208				-0.0813053423657101	-1.044279088618639	-0.7843439171560403	0.3156758299282423
GSM363140	-0.34627542285543456	-0.37892964603059415	0.7999105530042012	-1.1625130874472156				-1.515925014160389	1.013696174491919	0.47405554775085	0.4101657803373993
GSM363141	-0.5247890871247541	-0.8461445831648376	0.44715085257709153	-1.1326176877218874				-1.4024631366323914	1.8515405927551958	0.16388666555548823	0.2294023969459667
GSM363142	0.32337307368205753	2.166152136483728	-0.4539691537448413	1.6987317588277342				0.8436974218879628	2.428155952852736	3.473831736983121	-0.7627420823501962
GSM363143	-0.411845273659122	0.48846437072970605	-0.6291118372051451	0.6674213857404371				0.2706187862380779	-0.432620806084231	-5.9743604916265e-05	-1.0338871574373465
GSM363144	0.31726266481812343	-0.12262836193671617	0.07250698462069764	0.02481016682000599				0.17927235941469047	0.6664526703447816	-0.29028919765914696	-0.09925830012936701
GSM363145	-0.03689138881084302	-0.23951722733678937	-1.0765534408358877	0.9383491327620714				0.33792667968689016	-0.7734928697883025	-0.8951185179400993	-0.4433249673801066
GSM363146	-0.9831670712752251	0.19091483890018765	-2.4496324811084986	2.05350636492098				-2.3630429302804363	-0.9582646426372375	0.3389105347943002	-2.4635611897150462
GSM363147	0.03949311618431956	-0.5202024840687812	-0.27894163205703776	0.038586948114806924				1.797546426191126	0.38610929084984463	0.190472569743663	-0.516246559543696
GSM363148	0.6284313699316091	-0.8342087011146262	0.2951962791732356	-0.39808494476474415				2.5052408487386355	1.9502979196227321	-1.1343916556336644	0.7408806067694546
GSM363149	0.7021851822010172	-0.9833630024673252	0.49476905242229724	-0.6353579625554513				1.343698916079137	1.1761679057901215	-1.6705407234285	0.31978408864168345
GSM363150	0.1712314784991132	-0.11286432766498111	-3.0834721471244513	3.1126557225415175				2.15427826146983	2.1350696924716672	-0.7444650608737822	-2.2293904430488714
GSM363151	0.8798992645107874	-0.974463026558853	0.45658158618836486	-0.5038634672123976				1.5023532363513377	1.5711972132602587	-2.2642925836310486	0.1739409043145039
GSM363152	-0.31191818414254413	0.7651114337177947	0.7791437874700193	-0.5525471626823941				-0.08515150770564264	-0.02166289750642596	1.827721169332028	1.457771752265026
GSM363153	-0.29394871883498724	-0.6003773471096122	-0.06422174552305	-0.38294128744924977				0.2475417941984852	0.17585175622864258	-0.43208068666274047	-0.9239912368527817
GSM363154	0.008448483536881799	-0.5003699495587067	0.7305078365288996	-0.9764685695398121				-0.16303635583926832	-0.41669220497656445	-0.03993859988717841	0.668986079284225
GSM363155	-0.4691348577017809	-0.43546412120634015	0.5878479090652388	-1.0401473985192993				-1.2447703576951752	-0.03759149861409248	-5.9743604916265e-05	0.733691154020932
GSM363156	0.6204911633598919	-0.5037600568426172	0.4024071901201208	-0.3440416368614834				1.2706217746204274	1.217582268670055	-0.6071045559015485	0.11334408829123914
GSM363157	0.35166919940612934	-0.47800291251996213	0.6194587994643659	-0.6826256560212822				0.304272732962484	1.109267781137921	-0.45202011480387155	0.32286528267676484
GSM363158	-0.010554654119911308	-0.34291865167301383	0.8626494731971074	-1.03938612609357				0.15907999138004697	0.6537097894586495	0.3034626625434018	0.7265017012724075
GSM363159	-0.7023004032508328	-0.723961735079429	0.41739813218540855	-1.1305292013505395				-1.7726565506008571	0.7333527949969821	-0.48968347907044985	0.061990854373218475
GSM363160	0.0007772723024121067	-0.533069442773381	0.723024622957376	-0.9891707081928605				0.15715690871008026	-1.2895795456767085	-0.31687510184732176	0.36805612852462366
GSM363161	-0.232965078001212	-0.73771863266575	0.416373397158059	-0.9017152524915399				-1.1015006987827038	-0.12679166481702697	-0.49854544713317345	0.24480836712137263
GSM363162	0.19371233764459708	-0.25785522980842557	0.26719445642585843	-0.2992659025077727				-0.4505372149991933	-1.0570219695047725	0.18604158571229923	0.49335801928459444
GSM363163	-0.5683095181731177	-0.6352369083465144	0.6285363361786317	-1.2303095494384477				-0.854384575692065	0.5804382243633801	-0.4365116706941003	0.41427403905084237
GSM363164	-0.4174728401082139	1.421968523901908	0.4917433457893603	0.010504496107486716				-0.12072853710001462	-0.40713504431196396	1.588448031638467	0.971970159400548
GSM363165	-0.40202337050330766	0.2159304246886313	0.7407141522280792	-0.8337606251354174				-2.244773346077524	0.2395661606593115	0.2968161864963581	0.6145516513311221
GSM363166	0.617254065331748	0.3751118905033915	0.7934883727504686	-0.29730539483289886				1.2225447078712761	2.001269443167266	0.8817060786361793	2.2044477734330474
GSM363167	-0.2400394229325242	-0.2734422443296497	0.6664527206036771	-0.923193554234764				-0.6553455193505784	-1.225865141246041	0.212627489900474	0.3167028946066021
GSM363168	-0.25179509410427964	1.6885974650566038	0.6450645364238986	0.07333664905226345				-1.3688091899079853	0.05798010803190806	1.1187637243140645	-0.031472031357579665
GSM363169	0.3209220743572078	0.20629980412550863	-1.692870780905953	1.9564817201473113				0.399465325125804	-0.37846356231816397	0.9880496953888745	-1.1797303417645253
GSM363170	0.9489854651037389	1.484658757540915	-0.5000859836202124	1.7169080949425393				0.8533128352377929	0.9117531274028511	0.2657992982768235	-0.763769147028557
GSM363171	0.13331565079199031	-0.05924825754293344	0.4328213907067336	-0.39578769408220515				0.46581167723963296	-1.0347219279540385	-0.2969356737061907	0.13080418782336659
GSM363172	0.26126498309992613	1.2445058313254773	0.20866886011253524	0.5442165471001664				0.16004153271502947	0.5995525456925811	2.066994307025593	1.3263074734348925
GSM363173	-0.34023569259807623	-0.2543042905895343	-0.09614777894133641	-0.20112221265246888				0.13792608201042011	-0.741635667572968	0.3765738990608785	-0.37245750457323795
GSM363174	0.5837492726639797	0.3701555106481503	0.29673318720302405	0.1802192044530409				2.0196624745722054	0.9659103711689195	0.4917794838762972	1.0335940401021735
GSM363175	0.06656408422596304	-0.47923566533583123	0.30192466229960996	-0.508260452854544				1.027351816869721	-0.942336041529571	-0.8707481057676084	0.38859742209183157
GSM363176	-0.19112341736032962	-0.07195972862793874	0.5642007264359203	-0.6957422994300545				-0.9341925064956565	-0.6683641024777001	-0.2193934531573502	-0.025309643287416927
GSM363177	-0.2652013203154301	-0.29863701138629867	0.5858963757355299	-0.8678155415863943				-0.7889997649132195	0.19496607755784354	-0.16622164478100068	0.1646973222092598
GSM363178	0.00704099617413292	-0.3149692142847081	-0.4926399385732272	0.3386758295179396				0.19658010344438479	0.22045183933011053	-2.2443531554899177	-1.065726162466519
GSM363179	0.034157336716576225	-0.33544039196947195	0.6936593362444766	-0.8443008638709245				-0.6947687140848828	0.06753726869650854	-0.6691383323406217	1.1126780203359257
GSM363180	0.33744074357375037	0.9415306445539842	0.3029271226396681	0.33655857142419915				1.2773525639653083	0.10895163157644205	1.7080846004852495	0.3896244867701914
GSM363181	-0.2483302402598538	-0.3525489204060744	0.31682416911348493	-0.617263749446449				-0.2918828947269936	-0.4230636454196305	-0.38555535433343463	-0.0027142203634875073
GSM363182	0.06283736989104033	-1.2778561354684521	-0.32978272899679345	-0.27772665379191247				1.1465829424076162	1.561640052595661	-1.6395238352089652	0.7614219003366625
GSM363183	-0.4740793294139524	-0.10044811292867854	-0.04991946211653153	-0.23734425905478396				-0.8034228849379647	-0.23510615234916243	0.1594556815241284	-0.6692791966193982
GSM363184	-0.699884926082958	-0.2810694143401942	-2.7530881312496063	2.26261096103803				-0.768807396878576	-1.1175506537139055	-0.9217044221282741	-2.530320393808474
GSM363185	-0.3441608842165636	-0.2691434861308125	0.24112714171395888	-0.547779326887647				0.05715660987184524	-0.7766785900098354	-0.49632995511749356	-0.3642409871463546
GSM363186	-0.16882390402148384	-0.11093171773334877	0.23157100407372344	-0.37144881495113974				-0.26111357200753665	-0.8340215539974355	0.35884996293543125	-0.10952894691297096
GSM363187	0.32475706065087323	-0.0913418364813783	0.7198601835772364	-0.6031525714924889				-0.08995921438055768	0.9467960498397187	0.1971190457907067	1.046945880920859
GSM363188	0.24489027364477484	-0.050989356603616365	0.43387855861258157	-0.33692810009200236				0.7071585523203725	-0.5441210138378995	-0.03550761585581464	-0.13212436983690037
GSM363189	0.4195338244644349	-0.28173751286756826	0.7961172128865514	-0.7272190570881181				0.5206195333336651	0.5390238614834466	-0.5118383992272608	0.5991456811557171
GSM363190	0.4283139745018718	1.4107293433984793	-0.36843321796564976	1.2879548769158253				0.25234950087340025	0.15355171467791	0.41202177131177686	0.4245446858344463
GSM363191	-0.24264654304565678	-0.2946487776426992	0.2525164133532215	-0.5211640736973995				-0.8005382609330155	-0.7894214708959689	-0.23047091323575375	-0.12288078773165628
GSM363192	1.1808497353628673	0.4391807945911859	-0.2209716461808088	1.0309869111578354				1.966777701148139	2.170112614908535	0.42531472340586424	-0.08282526527560033
GSM363193	0.02907512320954472	-0.25438181969887724	0.6163339837852657	-0.7289873320299319				-0.5370759351476657	-0.6556212215915665	-0.11083434438897517	0.6659048852491437
GSM363194	0.5390604208547695	0.3955072517114226	-1.5535916305534352	2.0208754668365314				1.8802389809996667	1.8164976703183282	0.3034626625434018	-1.2937345210625322
GSM363195	-0.08860869422068432	-0.24254110083318445	0.9705870803783849	-1.1361619779053194				-0.7466919461739658	-0.4644780082995654	-0.19945402501621914	1.1968973239614786
GSM363196	0.28805434739568775	1.5362295567805153	-0.4590943991074467	1.3712363511955483				-0.5245758977928864	-0.257406193899895	0.9791877273261509	-1.0780509386068446
GSM363197	-0.06125713053040481	-0.20427819094071434	0.8174286202729802	-0.9501962810085398				-0.5639990925271909	0.14399455401330954	-0.19723853300053923	0.798396228757637
GSM363198	0.664017283909579	0.8516437970600871	0.010209146408640235	0.7476213940761929				1.6456228952638081	2.740356534563006	1.65048180807754	-0.14136795194214358
GSM363199	0.5316906726914606	-0.1989131446174132	0.7923074075065856	-0.6259186434695618				-0.2764982333672651	1.4788113268357912	-0.03993859988717841	0.7562865769448596
GSM363200	0.41971124996614667	-0.03769785949487522	-0.1305543490221525	0.3215610442577882				0.38119603976112637	0.3797378504067786	0.07305149291256041	-0.4967323306548479
GSM363201	0.1531040348134923	-0.23082973067260373	1.009296082553574	-1.0481589304831296				-0.7120764581145772	1.0232533351565196	-0.32573706991004536	1.3704712546043896
GSM363202	0.02672295778839553	0.3803790661484779	0.7533443771196783	-0.5497933651512416				-0.025535944936694623	-0.6715498226992345	-0.24597935734552498	1.2010055826749217
GSM363203	0.8483285771092122	-0.49715586595661093	0.5728565454538814	-0.3972701898775808				1.6860076313330952	0.9308674487320521	-0.32795256192572525	0.5847667756586701
GSM363204	0.7636636231616964	0.6349540307092276	-0.08783330174768172	0.7871421286831437				1.5033147776863203	0.9882104127196522	0.04868108074006949	-0.07563581252707774
GSM363205	0.8258880063521026	-0.3389105721951821	0.4567414602047968	-0.21325274312633655				1.9321622130887506	1.2271394293346556	-0.6757848083876653	0.699798019635037
GSM363206	0.21318356236633593	-0.5165264877874072	0.7425137467594877	-0.8941852094700233				0.40715765580566743	-0.5473067340594324	-0.529562335352708	0.7994232934359987
GSM363207	0.6887211315415798	0.9667078354734752	-1.0443566753606328	1.8720711588681602				1.0811981316287707	0.07709442936110902	-0.1064033603576114	-1.8360246712368318
GSM363208	-0.17305420111509892	-0.2021188012358357	-0.2190614432754933	0.031474942100025965				-0.3774600735404835	-0.4517351274134319	0.008802224457807345	-0.7124159131105354
GSM363209	0.16964017827457575	0.7306026699376608	0.1637640725446955	0.2863573515614228				1.0811981316287707	0.9021959667382506	1.3868382582114802	0.6710402086409466
GSM363210	-0.12445112582728779	-0.3911279112913622	0.5905928380621522	-0.8483823566214772				-0.24284428664285898	-1.1398506952646394	-0.6203975079956359	0.5416300591675328
GSM363211	0.5826398829015326	1.5553789411746513	-0.7573604162808986	1.8263698283189904				1.2225447078712761	3.1067143600393448	1.3979157182898878	-0.5552750173213921
GSM363212	-0.2441978575909396	0.5242475865874788	-0.1702049463113355	0.3102298108096051				-0.14284398780462396	-0.03759149861409248	-0.20166951703189906	-0.4648933256256753
GSM363213	0.8665580338278259	1.1354458521704214	0.3037751007028213	0.6972268422963024				-0.38611394555533024	0.3223948864191785	-0.04880056794990202	-0.8705838735780405
GSM363214	0.4458009265680573	-0.3950336470696106	1.2047086320396039	-1.1793249922903806				-0.07842071836076175	0.6760098310093821	-0.7511115369208259	1.2472234932011403
GSM363215	0.25732224826570943	0.6876365310428995	-0.11235728113698186	0.5848366707912863				1.1215828676980577	-0.12679166481702697	0.3123246306061254	0.09896518279419397
GSM363216	-0.3286655916918303	-0.10336442391949396	-0.06784789639019695	-0.14816711141546518				-0.46303725235397253	-0.5791639362747669	0.09963739710073517	-0.42894606188306056
GSM363217	0.1925945982979676	-0.3118195593289102	-2.9439351289529054	2.884322648437434				1.384083652148424	-1.079322011055505	-0.5783031596976939	-3.143478006789642
GSM363218	0.4563084425929414	0.7774245024123655	-0.7456724872489686	1.362538959751622				1.384083652148424	0.6250383074648481	-0.23711738928279744	0.4635731436121424
GSM363219	-0.6758365982841837	-0.45652953209935426	-0.019033370241294683	-0.5471496949504743				-0.6582301433555275	-0.359349240988963	0.23478241005728498	-0.3796469573217605
GSM363220	0.8101528205253272	-0.03135009537396941	0.005094011371063523	0.3843073512046154				1.0994674169934484	1.1124535013594554	-0.682431284434709	0.7018521489917584
GSM363221	-0.29526892023327117	0.022499848570038755	0.5376092486415739	-0.67399378447319				-0.8476537863471842	-1.12073637393544	0.7133286854444151	0.09896518279419397
GSM363222	1.0662427529481522	1.0487105455528465	0.5631670944402449	0.4943095548102545				3.3129355701243792	4.7728460359013	1.0722383919847587	2.1212555344858544
GSM363223	0.15402584485054385	-0.2744953434752145	0.5711675078399773	-0.6314022571523126				-0.8505384103521334	1.2749252326576552	-0.11748082043601492	0.42351762115608466
GSM363224	0.34211214544323154	1.2487205839519964	-0.3165701280268242	1.1119864927244383				-0.5505375138374283	1.1570535844609207	0.2369979020729649	-0.34678088761422715
GSM363225	0.12095849885774304	-0.32874719675097064	0.7559968349562523	-0.859891183902866				-0.7755381862234569	-0.814907232668236	-0.29915116572187056	0.5539548353078583
GSM363226	0.8476318066472792	1.4555795309579282	-0.33943851974209277	1.4910441885446966				0.841774339217997	0.4944237783819815	-0.2836427216121033	-1.394386859541853
GSM363227	0.42971873611987654	-0.16078415348215733	0.5986799450213535	-0.46421265370249387				0.20138781011929982	0.12488023268410858	-0.06430901205966932	0.729582895307489
GSM363228	-0.01789642431785522	0.6148272454789357	-0.6453230138283127	0.943788424408853				0.5052348719739366	-0.7352642271299019	-1.3847422534056328	-0.6384672562685862
GSM363229	0.06640176670586355	0.08290559616511672	1.0492346968567512	-0.9745810154212611				-1.1601547202166687	0.01656574515197454	-0.09754139229488779	1.0828931446634735
GSM363230	0.2974383994817188	0.8562830095888728	-0.04296639246014731	0.6198270969954431				1.1821599718019882	0.6473383490155806	0.7665004938207607	0.31978408864168345
GSM363231	-0.5772001683035727	-0.2279727891739213	0.322718428398721	-0.725304907137468				-1.2995782137892071	-0.6811069833638335	-0.14185123260850976	-0.24304735509982506
GSM363232	0.3569712707590961	-0.1770381819234985	-0.039468923813006616	0.12943546823080543				1.2475447825808346	1.3991683212974586	-0.3412455140198126	-0.34369969357914576
GSM363233	-0.12955266518744782	-0.43710540184710095	0.6429721359464102	-0.9263011694636847				-0.8168844636277273	-0.012105736841825481	-0.3899863383647984	0.7439618008045359
GSM363234	-0.15002845247757252	-0.41090285257896736	0.41309268687097184	-0.6935583393992417				-0.41207556159987213	-0.05352009972176042	-0.5140538912429408	0.44611304408001407
GSM363235	0.14918110339041982	1.1175076465076361	-1.9176269718570353	2.5509713468060635				0.37927295709115966	0.40203789195751116	0.2635838062611397	-1.8884049698332133
GSM363236	-0.5260249487515869	0.21507228832751446	-0.052477070474637046	-0.10299925973739918				-0.2659212786824517	-0.92322172020037	-0.3877708463491185	-0.6487379030521903
GSM363237	0.21349224545413154	-0.2351142474165584	-2.364102722282428	2.353291721301215				0.1840800660896055	-0.5536781745024999	-0.04658507593421817	-1.5453653672608345
GSM363238	-0.13920324328115224	-0.3430033220208551	0.453228567422803	-0.6943318500738067				-0.34476766815105986	-0.7543785484591015	-0.0908949162478441	0.33416299413872863
GSM363239	-0.4290686359111548	1.4164651078629753	-0.9079220631265672	1.4016202991024773				0.044656572517065965	-0.6460640609269674	1.4953973669798593	-0.6692791966193982
GSM363240	0.15973504538787725	-0.23117996462910242	0.6390597482110797	-0.6747822078316923				-0.478421913713701	-0.509078091401032	-0.006706219651959957	0.8158563282897654
GSM363241	0.37189981930873967	-0.41631947098951905	-0.3317992049154381	0.30958937907504835				0.2860034475978064	0.4466379750589791	-1.251812732464763	-0.6939287489000482
GSM363242	0.15462398180348486	-0.46063237854011807	0.564310489288445	-0.7173146876567615				0.02734882848737166	-0.06944870082942693	-0.3678314182079874	0.30129692443119527
GSM363243	-0.5591279684494251	-0.06643110840882027	0.6983014992780013	-1.011081037707124				-1.3390014085235118	0.12806595290564302	-0.4719595429449987	0.8302352337868105
GSM363244	-0.5712873698510166	-0.39924771667187	0.1779081528147057	-0.663175696076149				-1.2053471629608705	-0.14590598614622793	-0.13963574059282985	-0.15266566340410828
GSM363245	0.7269878567524265	0.8526730132713265	-0.8470471673150985	1.636877602326975				0.982159374125519	2.0936553295917335	0.7775779538991681	0.689527372851433
GSM363246	0.2183209407720277	0.14316600568126833	0.46772065949743974	-0.2869771862707917				-0.12265161976998046	-0.05352009972176042	0.868413126542092	0.35675841706265804
GSM363247	0.8732869493946402	0.3955101438077544	0.44323775198368937	0.19116079461750796				2.4340867899498915	1.122010662024053	0.47405554775085	1.1630041895755856
GSM363248	0.5645909808356371	-0.27319891815394065	0.9224341724223386	-0.7767381410814904				0.6446583655464762	0.8544101634152511	-0.22382443718871006	1.2092221001018042
GSM363249	0.3901766794803732	0.056879941588031634	0.006676733657600724	0.2168515768766017				2.691779867725344	-0.05352009972176042	0.8218877942127901	1.5953984191653203
GSM363250	-0.3509963393600648	-0.24542906533029596	0.5118283249863277	-0.8100410273315081				-0.7841920582383045	-1.14940785592924	-0.3146596098316379	0.19345513320335195
GSM363251	0.4734717491659953	1.0699323497706894	-0.23891395174142424	1.0106160012097667				0.993697870145315	0.5326524210403806	1.324804481772411	-0.814095316268217
GSM363252	0.13017593810988445	-0.25347559892246374	0.8649810382286703	-0.92663086863496				-0.6928456314149162	0.10576591135490904	-0.14849770865555345	0.5981186164773554
GSM363253	0.39672887377674465	-0.5566845979107784	0.5436147014906411	-0.6235925635576579				0.8292743018632168	-0.15227742658929397	-0.3700469102236673	0.8045586168277998
GSM363254	0.25352758292034017	-0.5995898894475061	0.6470837926699325	-0.8201149459335155				1.3561989534339165	-0.07900586149402741	-0.16843713679668454	0.3762726459515061
GSM363255	-0.11678622498335678	-0.8623857963923681	0.49243266225957266	-0.9820186729474352				0.5427349840382744	-0.17139174791849493	-0.9770917225203035	0.42557175051280616
GSM363256	0.20058026370165874	-0.5653856470393541	0.7202133594208141	-0.9026160510896618				0.8235050538533193	-0.46766372852109844	-0.2393328812984813	0.3351900588170903
GSM363257	-0.2376581657171811	-0.4713246677778747	0.4899180632562301	-0.844409480003758				-1.1130391948024998	-0.690664144028434	-0.18837656493781169	-0.0027142203634875073
GSM363258	-0.28673260302392284	-0.46616852240562984	0.8181530131121324	-1.1946035758269087				-1.0611159627134161	-0.34342063988129645	-0.6270439840426796	0.6710402086409466
GSM363259	-0.008376148014492142	-0.4924548237345758	0.7828328684872211	-1.033248354361755				-0.48611424439356526	-0.6556212215915665	-0.45866659085091527	0.921643990160888
GSM363260	-0.16169734925764306	-1.0307595381934385	0.10236962755849295	-0.6985980712840337				0.4956194586241065	-0.5664210553886334	-1.7480829439773402	-0.2327767083162211
GSM363261	-0.4919749826512726	-0.5753359254422657	0.5744035646786956	-1.1080590187254646				-1.5043865181405924	0.33832348752684505	-0.4874679870547699	0.5077369247816396
GSM363262	0.194859859279697	-0.3559932408563677	0.4340501267354641	-0.5146168175237995				-0.4236140576196689	-0.49314949029336547	-0.22160894517303015	0.530332347705569
GSM363263	0.2999047219612959	1.3356582763139029	-1.521251871220227	2.3390333703578263				0.8667744139275555	0.4912380581604471	1.1652890566433665	-2.2827978063236136
GSM363264	-0.06146258037041572	1.3850267501881488	-0.7238900320849125	1.3856721169937791				0.07446435390154041	0.34788064819144554	1.5153367951209864	-1.5166075562667423
GSM363265	-0.4035494793364186	0.9278474796657737	-0.12340989855689993	0.3855588987215775				-0.45630646300909167	-0.5600496149455659	0.6446484329582982	0.1164252823263205
GSM363266	0.40431503551417514	0.09645606219629392	-0.7976770003951872	1.0480625492504216				1.250429406585784	-0.34979208032436393	-0.026645647793091032	-0.6148447686662961
GSM363267	0.12179610041725256	0.8063812349404268	0.2503260993894579	0.21376256828938178				0.17158002873482625	-0.872250196655836	0.07526698492824425	0.24275423776465202
GSM363268	0.19084278820508446	0.2367509352756453	-1.4765261428772778	1.6903230046176427				-0.18611334787886102	-0.3912064432042974	-1.2429507644020394	-1.2680579041035214
GSM363269	0.6862038796402946	-0.19137194499046942	1.144400345021168	-0.8969843776962554				0.4956194586241065	0.7365385152185165	0.9658947752320635	1.3283616027916123
GSM363270	0.054299677861681724	-0.3461146394901444	0.3769039311555813	-0.5228114119698126				-0.5793837538869194	-1.0825077312770395	-0.48303700302340613	0.5149263775301621
GSM363271	-0.3122954250714926	0.8668221814331197	-2.4788843030891	2.7561476812699137				0.07254127123157371	-0.939150321308038	0.11293034919482256	-2.321826264101309
GSM363272	0.5934894293697379	-0.22498177288205626	0.29565010638416395	-0.1113962781403231				0.6388891175365777	0.6473383490155806	-0.9926001666300708	0.11334408829123914
GSM363273	0.5201642102386497	-0.5279015717831923	0.15696479913608688	-0.1608334799083582				-0.7745766448884736	0.2586804819885096	-0.2725652615336958	0.6772025967111075
GSM363274	-0.010966014336832959	0.9119148679602525	-0.7496628100406998	1.2001372368524095				0.10042596994608144	-0.29244911633676246	0.46076259565676264	-0.4381896439883047
GSM363275	0.4221632311919146	-0.6821688050093385	0.5041571414602917	-0.6341599283690036				0.5610042694029521	0.5453953019265155	-0.04436958391853825	0.35675841706265804
GSM363276	-0.21463927457381077	-0.6463285351584726	0.6047210871282219	-1.0352049919943636				-0.18803643054882688	-0.5058923711794989	-0.2526258333925647	0.9586183185818626
GSM363277	0.008768659129961467	-0.45170824757719824	0.7116912304893894	-0.9331610247130078				-0.004382035567068623	0.05160866758884202	-0.2925046896748269	0.4954121486413141
GSM363278	-0.22119831590976896	-0.4908780731370472	0.6096096577530777	-0.9656478522764858				-0.939961754505555	-1.079322011055505	0.737699097616906	0.42865294454788755
GSM363279	-0.33102246903367283	-0.5409495073975341	0.7080748281093863	-1.1440608163249897				-0.12553624377492964	-1.200379379473774	-0.15735967671827708	0.7953150347225557
GSM363280	-0.7973737146770148	-0.4745011583405905	0.43837220668895377	-1.0743096431977563				-1.1986163736159896	-0.89455023820657	-0.46088208286659516	0.4574107555419797
GSM363281	-0.3920853779854926	-0.5173135213411717	0.5609137319607996	-1.0156131816241318				-1.4515017447165262	-0.3689064016535635	-0.33903002200413274	0.26329553133186084
GSM363282	0.03845562901695764	-0.22399335824774938	-0.07984031235998963	-0.012928552255406234				0.05715660987184524	0.15673743489944303	0.496210467907661	-0.6918746195433275
GSM363283	0.17665960042512072	-0.5696040198324914	0.8142248546393563	-1.0106970643430417				0.922543811356571	-0.02166289750642596	0.013233208489171118	1.0294857813887306
GSM363284	0.21681956741488978	-0.6123836289341292	0.6389047699633768	-0.8366868007229965				0.11388754863584406	-0.17776318836156096	-0.6447679201681308	1.0007279703946401
GSM363285	-0.5717614598003126	-0.3336332705315645	-0.5978247365860883	0.14512737142014975				-1.080346789413077	-0.4421779667488315	0.190472569743663	-0.9650738239871984
GSM363286	3.211135450135817e-05	-0.4288184965486215	0.5093354764391652	-0.7237286690362252				-0.5178451084480056	-0.028034337949493417	-0.17729910485940814	0.932941701622852
GSM363287	-0.436512876799194	-0.5070119503764409	0.31734032288228436	-0.7891027364701018				-0.6313069859760023	-0.40394932409043094	-0.1507132006712334	0.06404498372993908
GSM363288	0.03383851638849183	-0.04679370909600511	0.19610230155742756	-0.2025798979111842				-0.22938270795309723	-1.3214367478920415	0.2857387264179507	0.9997009057162785
GSM363289	0.8308110479050369	1.2111463080412166	0.9089635287044612	0.11201514926866551				2.036008677266918	0.6760098310093821	0.5161498960487921	1.0757036919149492
GSM363290	0.3032630095311163	-0.33129931464210793	-0.3288717177811294	0.31485356522563357				1.6936999620129602	-0.49314949029336547	-0.7732664570776369	0.2910262776475913
GSM363291	0.11650943818499362	0.6314590220107391	0.5931184391924051	-0.2191342090945388				0.36196521306146534	0.7397242354400511	0.8949990307302668	0.8497494626756587
GSM363292	-0.1110138992116789	0.25000776460773766	-0.6996647277057964	0.7691616604038257				-0.7928459302531512	-0.41669220497656445	-3.1394119298251004	-0.6774957140462815
GSM363293	0.05353860870210049	0.5739637854081217	-0.0930983754055416	0.4068495724606527				-0.24765199331777402	-1.053836249283238	-0.1307737725301023	-0.6415484503036667
GSM363294	-0.19697475688779012	0.3740019707043493	-0.362560678845305	0.4510742857535846				-0.15919019049933578	-1.171707897479974	1.4045621943369313	-0.6590085498357942
GSM363295	0.1822269964639792	0.16351970884641778	0.5103009903766841	-0.3374276377214856				-0.4082293962599404	-0.7734928697883025	0.6512949090053419	0.29513453636103254
GSM363296	0.43855709665276227	0.2950514905394597	0.18662478049547757	0.18017951310063343				2.094662698700883	1.2143965484485235	0.5914766245819487	0.8867237910966332
GSM363297	-0.20597792698257764	0.49430629186413116	-1.9520609641179074	2.0962251465586843				0.7033123869804409	0.41796649306518047	-0.024430155777407175	-1.3132487499513794
GSM363298	-0.26724191400531466	0.830760466929599	-0.3173728472462154	0.5991321237083576				0.2792726582529255	-0.556863894724033	0.47627103976652996	0.24686249647809322
GSM363299	-0.0834938945246783	-0.1300894272134957	0.44866328431296143	-0.5554549451820484				-0.5120758604381072	-0.585535376717833	0.17274863361821186	0.36086667577609927
GSM363300	0.3058153014023312	-0.36082560179777	0.8039795640831144	-0.8314847142808338				-0.32457530011641633	-0.6269497395977665	0.030957144614618338	0.8836425970615518
GSM363301	0.15222228035674426	-0.2303641729479067	0.708505047790894	-0.7475759940864752				-1.1861163362612095	-0.49314949029336547	0.3987288192176895	0.8518035920323783
GSM363302	-0.09332796470822947	-0.4534808447102175	0.6484427823011091	-0.9218471870103326				-0.961115663875181	-0.02484861772795898	0.039819112677345884	0.6011998105124369
GSM363303	-0.09461403688938438	-0.3824492036133258	0.6131269487002972	-0.8516585689516523				-0.060151432996084095	-0.7480071080160354	-0.33459903797276896	0.9493747364766186
GSM363304	-0.24496117831328132	-0.8296995003545963	0.3172725107512299	-0.8546028500851688				0.5465811493782069	-0.770307149566768	-0.5982425878388249	0.3495689643141355
GSM363305	-0.31245914260145974	-0.7951171636736981	0.6655930593164325	-1.2193812124540115				-0.1293824091148622	-1.079322011055505	-0.7223101407169712	0.36292080513282077
GSM363306	-0.24829993817928392	-0.8479453247785375	0.76979406363041	-1.3179166951093206				-0.4005370655800762	-0.9072931190927035	-0.2193934531573502	0.7624489650150224
GSM363307	-0.19079211350665978	-0.5267447958446458	0.1352632207041493	-0.49403167537980214				0.34850363437170273	-0.18413462880462844	-0.6735693163719855	-0.2769404894857192
GSM363308	-0.408273232193708	-0.8215596839915092	0.7645187109174088	-1.3794351690100175				-0.7678458555435926	0.9531674902827847	-0.8641016297205647	0.6854191141379917
GSM363309	-0.03238293678302735	0.6823470808641471	-1.0593398343652838	1.3843219064058436				-0.09092075571554104	-0.872250196655836	0.39429783518632966	-1.9418123331079546
GSM363310	0.3757460155495918	0.39549140155192736	-0.5942275001216968	0.9798462086724564				-0.27842131603723097	-1.050650529061705	0.7864399219618917	-0.5809516342804029
GSM363311	0.6671334618938545	0.3808169712544814	0.31551902658240366	0.20845618999176424				0.9254284353615202	-0.2733347950075629	0.82410328622847	1.2667377220899885
GSM363312	0.6502049453733149	0.8861650084182807	0.6289372795078135	0.13924769738798426				-0.3255368414513997	-0.22554899168456197	1.0522989638436275	1.7237815039603726
GSM363313	-0.011774026874984174	-0.8171159447659448	0.426234189283255	-0.8406791751037195				-0.6524608953456292	-1.0697648503909059	-1.098943783382766	0.06301791905157923
GSM363314	-0.05427084196307839	-0.5104726123474876	-0.4690698741639426	0.18669814700865955				-0.5370759351476657	-0.1682060276969619	-1.7192815477734855	0.15956199881745783
GSM363315	0.2900702622804103	0.09660228839088499	1.4393928128414517	-1.2460565375058041				1.4436992149173722	0.9340531689535865	-0.0997568843105677	1.9856829969422796
GSM363316	0.19712458541586297	-0.256191661588232	0.2639953863785827	-0.2935289244647672				1.0023517421601624	-0.13316310526009445	0.2968161864963581	0.9997009057162785
GSM363317	0.4604345696103111	0.6713171071456143	-1.8974500428562988	2.4633258812342618				0.8850436992922333	1.0041390138273187	-0.1529286926869133	-1.2547060632848361
GSM363318	-0.09136044462280321	-0.2973268231607457	0.4991339514752804	-0.6934775853670548				-1.2659242670648012	1.2239537091131212	0.10849936516345879	0.6371470742550516
GSM363319	-0.45541942949857445	-0.06439704906093954	0.4458168158060986	-0.7057250550858556				-0.8784231090666411	-0.3975778836473635	-5.9743604916265e-05	0.6484447857170171
GSM363320	-0.025829581941739652	-1.311361789076462	0.4498363388500943	-1.118432024359195				1.1571598970924297	1.434211243734326	-0.8884720418930556	0.3536772230275767
GSM363321	0.10528672213930279	-0.5641466608469038	0.1482601030571773	-0.3776900724109778				0.6167736668319684	-0.5409352936163664	-0.3899863383647984	-0.223533126210977
GSM363322	-0.13192904170549988	-0.4129810671835541	0.6396716050772009	-0.9121266595217279				-0.5697683405370885	-0.4230636454196305	-0.3877708463491185	0.9391040896930146
GSM363323	-0.2902847311913166	-0.6383720928035909	0.5787743764721313	-1.043102788469585				-0.2457289106478082	-0.34660636010282947	-0.42321871860001686	0.4923309546062328
GSM363324	-0.6813105567587027	-0.7682146162931797	0.5432359217105943	-1.2679985082365355				-0.5755375885469869	-1.5189514016271115	-0.7356030928110585	0.3988680688754355
GSM363325	-0.3895244572646578	-1.038987462004201	0.4799103959615773	-1.1941663555960067				-0.8082305916128797	-0.19687750969076193	-1.6350928511776015	0.38654329273511007
GSM363326	0.28142946117431633	-0.18685559404517846	-0.5609721505018724	0.6082590840664414				1.210044670516497	0.5071666592681136	0.40315980324905326	-0.7565796942800336
GSM363327	0.7132929976579534	-0.2178416417106596	0.3592260201352273	-0.11150034216158039				1.38889135882334	-0.509078091401032	-0.9748762305046197	0.8292081691084507
GSM363328	-0.01634096878838682	0.35305622408707055	-1.3183120703924522	1.4866696980417942				0.06484894055170948	0.010194304708907084	1.716946568547973	-1.924352233575828
GSM363329	0.20906470294686344	0.9001295606134004	0.6772572996546588	-0.12266016787452683				0.812928099168506	0.9563532105043191	1.0257130596554567	1.0952179208037973
GSM363330	0.10431117815036448	0.7527420193267383	-2.265440224696617	2.6939668234351686				0.6744661469309498	0.12806595290564302	0.37214291502951474	-2.1256569105344694
GSM363331	0.3000029668293319	0.4478709626689718	-1.0490772055924003	1.4230141703415522				-0.07361301168584672	2.1509982935793337	-1.8455645926673117	-1.6942897456230945
GSM363332	0.23340501994937748	0.15259207360532948	1.040213390110579	-0.8472148433332255				1.2773525639653083	1.873840634305931	-0.13520475656146608	2.599867674601808
GSM363333	0.17075153620388	1.2420547392238064	-1.256183616700639	1.9625867544144824				1.0744673422838897	0.18540891689324307	1.0567299478749914	-1.4755249691323256
GSM363334	0.21249776201215836	-0.17180617782208776	0.14080286438178358	-0.12045707228674828				1.7629309381317373	0.7333527949969821	-1.3515098731704145	0.10307344150763519
GSM363335	-0.36404354948679496	-0.5807453786106238	0.13390156206887913	-0.6062960261175885				-0.7736151035534911	-0.9646360830803049	-0.40106379844320195	-0.2543450665617898
GSM363336	0.6878684698941699	0.5240044691252809	-0.11416293403251283	0.7200994035422382				1.2571601959306646	2.1127696509209346	-0.4387271627097842	-1.5453653672608345
GSM363337	-0.3535573601777654	1.4793256189110355	-1.068301149799363	1.6311852791659982				0.26581107956316286	-1.1653364570369065	1.6682057442029874	-1.2670308394251606
GSM363338	-0.23116836259960438	-0.6181701086455466	0.39795728981725675	-0.8226265254398322				-0.42938330562956645	-0.10449162326629441	-0.4918989710861298	0.38551622805675023
GSM363339	0.2732949357282134	0.9324593218684019	-1.7050056669008598	2.307882795699167				1.811969546215872	0.3128377257545781	1.4754579388387281	-1.4262258645710255
GSM363340	0.010405911453726031	-0.4552876050352565	0.14878196316324566	-0.3712228099540109				0.339849762356856	-1.1430364154861725	0.01766419252053489	-0.3796469573217605
GSM363341	0.5482288498887179	2.082027359527389	-0.6986458856116998	2.0137739903197533				0.24273408752357017	-0.945521761751104	1.849876089488843	-0.8972875552154111
GSM363342	-0.06226208955892792	-0.825880054980279	0.5341500793755144	-0.9782211516451178				-0.5524605965073941	0.6791955512309166	-1.163193051837519	0.0753426951919038
GSM363343	0.15957739642006083	-0.24815045796494206	-0.17535490012865576	0.13106836935621513				0.7725433630992189	-0.18413462880462844	-0.024430155777407175	-0.45256854948535075
GSM363344	0.4826738488471007	1.3658069967751487	-0.14280767612099274	1.0670480989321174				1.1446598597376505	-0.5250066925086985	2.330637856891649	0.9288334429094107
GSM363345	-0.18837489319002815	-0.4473167732803482	0.36012224769655027	-0.6779680809317384				-0.5130374017730905	-1.71646605536218	-0.2725652615336958	0.8363976218569733
GSM363346	0.3510196705379549	0.7327492381217873	-0.6763929695367173	1.2182774238665885				1.7533155247819072	-0.11404878393089347	0.47184005573517007	-0.3498620816493085
GSM363347	-0.5691589834058984	-0.5621474920317372	0.009787358546494235	-0.5754405962653121				-0.6620763086954593	-1.538065722956311	-0.34346100603549257	-0.0674192951001944
GSM363348	-0.026382188775140297	-0.19514897548817722	-1.7745640037753105	1.6637984216436519				0.3696575437413296	-0.585535376717833	0.3699274230138348	-0.7483631768531501
GSM363349	-0.021595743582732346	-0.39053574949430275	0.621365345455115	-0.8274310919936325				-0.4091909375949229	-0.7766785900098354	-0.268134277502336	0.8661824975294253
GSM363350	0.20145930046434493	0.3759774577231056	-1.8881020183318273	2.1768203974255527				1.0263902755347378	-0.738449947351435	0.8152413181657464	-1.7846714373188113
GSM363351	-0.6204484472619723	-0.5256003459665902	-0.011669291672536613	-0.5613551049417447				-1.3813092272627645	-1.3469225096643085	-0.29915116572187056	-0.6210071567364588
GSM363352	-0.09002359545463827	0.678807026673364	-1.485674720758606	1.780066436367969				1.4965839883414394	-1.2417937423537075	0.26801479029250347	-1.9736513381371281
GSM363353	-0.6030347867560072	-0.549462348580441	0.10221742267525558	-0.6784659903434797				-0.5370759351476657	-0.996493285295638	-0.7356030928110585	-0.2574262605968711
GSM363354	-0.073336930436959	0.33384762331682777	-1.955713991965822	2.0859693384057563				0.10234905261604814	-0.716149905800701	-0.8685326137519245	-0.08179820059723956
GSM363355	0.07061786407834506	1.487041588162671	-1.169186604910098	1.948016331030606				0.5331195706884443	-0.40394932409043094	-0.02886113980877095	-1.8627283528742025
GSM363356	-0.5192869894295867	-0.6720392094741442	0.5129501414062552	-1.1086132408581206				-0.7745766448884736	-0.09812018282322696	-0.7555425209521857	0.545738317880974
GSM363357	-0.05376520807709546	0.3404319819400035	-0.3425909087990984	0.48592429573055246				1.602353535189572	-0.9295931606434374	0.5471667842683267	0.3280006060685659
GSM363358	-0.35273857436102996	0.13897427437607723	-0.19767068668813473	0.09078853669565837				-1.0630390453833827	-0.588721096939366	0.07083600089688048	-1.7004521336932572
GSM363359	-0.398425997832128	-0.42539248932762613	0.4318902296372858	-0.8437994732171629				-0.6649609327004085	-0.869064476434303	-0.23490189726711752	0.16367025753089995
GSM363360	-0.08045394269463738	-0.2719304595903856	-0.3642899722567032	0.18809777111419168				1.012928696844976	0.1631088753425091	-0.11304983640465509	-0.21120835007065245
GSM363361	0.1573588258722082	-0.24316365050928782	0.5882379798975774	-0.6311403922161172				-0.010151283576966158	-1.4934656398548445	-0.0753864721380768	1.0870014033769149
GSM363362	0.082469112408171	0.33539586279471384	0.19152002652051983	0.017412461080922592				0.8648513312575897	-0.872250196655836	-0.14406672462418968	0.5570360293429396
GSM363363	0.19527445182984718	-0.4733762252664316	0.4728900184437395	-0.6119409051620317				1.1831215131369717	-0.920035999978837	-0.31687510184732176	0.8405058805704145
GSM363364	-0.5231864689474424	0.22532587472510923	-0.16109776674530585	0.012167469634139283				-0.7822689755683377	-1.2354223019106414	0.6756653211778328	-0.8048517341629737
GSM363365	0.04965526686651821	-0.324901657957666	0.7718350125657669	-0.9094582081113408				-0.4466910496592616	-1.350108229885843	-0.05766253601262564	1.214357423493607
GSM363366	0.650734380047776	-0.10084910889000416	0.67555978389827	-0.4006171483193841				1.00812099017006	-0.34023491965976344	-1.6417393272246452	1.3530111550722632
GSM363367	0.1327328250632638	-0.4505778693427023	0.43402002199135276	-0.5929425441310721				0.8513897525678271	-0.08537730193709346	-0.5384243034154356	0.3978410041970757
GSM363368	0.3290244289098922	0.13413441163529383	-0.5084404927023456	0.7400199129749386				0.5465811493782069	-0.19687750969076193	0.15502469749276462	-0.6251154154499
GSM363369	-0.8258401369190121	-0.43987420239566727	-0.1354250708709038	-0.4974320987864359				-0.8476537863471842	-2.1337954043830525	0.06640501686551671	-0.5686268581400774
GSM363370	-0.4955419495237609	-0.5770236966362816	0.37841593336399487	-0.9146987564440161				-2.019772673691495	0.7301670747754505	-0.6647073483092618	0.22529413823252456
GSM363371	0.11398971757093317	-0.5002366052788577	-0.04997699940870678	-0.14314644444525548				-0.3082290974217054	-0.818092952889769	-0.4342961786784204	0.8066127461845213
GSM363372	-0.0005786726546647136	0.14012450737958146	0.5955590574059788	-0.5257861400435204				-0.5245758977928864	-1.37559399165811	0.3411260268099801	0.5673066761265436
GSM363373	-0.27806434952873194	-0.26823909152251296	0.43480611857240276	-0.7079578390980252				-0.8630384477069126	-1.6304516093807786	0.25472183819841604	0.5857938403370319
GSM363374	-0.5084088592094987	-0.4663996431120514	0.32358398489415396	-0.810988236054929				-0.8409229970023024	-1.5539943240639775	-0.31022862580027805	0.34546070560069425
GSM363375	0.35117711528868956	-0.5176466995140763	0.20747735798035447	-0.29071215009304785				0.9071591499968426	-0.12679166481702697	-0.32573706991004536	0.411192845015761
GSM363376	-0.505438102488856	-0.47681071426856886	-0.26336345958869156	-0.22776094879002085				-0.2813059400421802	-1.018793326846372	-0.27478075354937964	-0.26256158398867313
GSM363378	-0.06769350754448822	0.6536252106562671	-0.15528778221846062	0.44825363377435007				1.0494672675743304	-0.6970355844715015	1.0522989638436275	1.7771888672351155
GSM363380	-0.05001548513674995	-0.455663794338726	0.4177818345205003	-0.6706214742582383				-0.34188304414611154	-1.5030228005194435	0.4541161196097189	0.46254607893378075
GSM363381	-0.42240703968684706	-0.33707788017165613	0.69687223109687	-1.0766146910261216				-0.9966926932695538	-2.130609684161518	-0.16843713679668454	0.9360228956579333
GSM363382	0.7548676774938317	-0.388711524353426	0.5778272076841809	-0.39474913111397814				1.2263908732112079	0.8830816454090525	-0.31687510184732176	0.6412553329684928
GSM363384	0.25871808898677384	-0.21410896251178158	-0.8484912082844048	0.870795771521901				0.17542619407475793	-0.30519199722289597	-0.2481948493612049	-0.2964547183745672
GSM363386	0.11647350796656704	0.17828763321061292	-1.6444132781040723	1.7917938486926623				1.640815188588894	0.07709442936110902	1.960650690272898	-1.2814097449222066
GSM363388	-0.44819307503213796	-0.06107634706462605	-1.8051466957649975	1.5505119847166156				0.4936963759541407	0.23319472021624263	0.25029085416705227	-2.018842183984986
GSM363391	0.08665723806988945	0.24740740109445447	0.18680510495817815	-0.019772785376006186				0.4360038958551585	-0.47084944874263146	0.7709314778521245	0.13593951121516856
GSM363393	-1.2215837031854175	0.6828282819579812	-2.5886181029575197	2.3192403923438016				-0.7120764581145772	-2.1911383683706527	2.1201661154019424	-2.772707657901532
GSM363397	-0.26304918523421467	-0.21867728899921532	0.34339585917851895	-0.5842590962952339				-1.193808666941074	-1.2959509861197744	0.14837822144572094	0.7449888654828958
GSM363400	0.2966526990479367	0.43102412513585947	0.9510969203117017	-0.5872585082198036				1.0321595235446361	-0.03759149861409248	-0.16843713679668454	2.010332549222929
GSM363402	-0.4469313877270394	-0.7965929018314776	0.2921702700549538	-0.9139324148342123				-1.330347536508664	-1.2672795041259746	-0.9194889301125903	0.24583543179973338
GSM363404	0.3792643873108648	0.829673930987178	0.6611493884679911	-0.056680229318969655				-1.0313081813289424	0.9372388891751181	1.17415102470609	0.22118587951908336
GSM363407	-0.6416698570440097	-1.106247310725333	-0.5065852106760623	-0.36737337320860897				-1.7755411746058063	-0.19050606924769448	-0.9726607384889397	-1.850403576733878
GSM363417	-0.3518569930613298	-0.799450301582524	0.6870173511977747	-1.2626709985197015				-1.3024628377941565	-1.923537869761849	-0.9438593422850851	0.9534829951900597
GSM712532	1.4470962561144163	-0.3861360466797857	-0.19792854612310704	0.7284086508404224				2.1840860428543043	4.482945495741762	-0.6115355399329123	0.8795343383481107
GSM712533	0.1780199183618736	-0.46173452073179	0.7106684056405834	-0.8525257068255416				-0.1236131611049638	0.08028014958264204	-1.05241845105346	0.4820603078226288
GSM712534	0.043683280323202664	-0.7168874279457026	-1.489858920709353	1.153256846898103				0.6196582908369167	-1.713280335140647	-0.6115355399329123	-0.8079329281980542
GSM712535	0.07891809817699476	-0.38331863091807844	0.25555674650843274	-0.4077570128789746				0.898505277981995	0.5581381828126476	-1.032479022912329	-0.07152755381363561
GSM712536	-0.09213293558044369	-0.48591069361422284	0.8636003229436765	-1.1526221375410097				0.5071579546439025	0.5326524210403806	0.07083600089688048	1.1784101597509924
GSM712537	-0.43235619779697115	-0.17732900301229593	0.7637306041459788	-1.0685732045506122				-1.713040987831909	-0.8308358337759025	-0.2725652615336958	1.0715954332015079
GSM712538	-0.21038719712154	-0.319963700552284	0.31442395452255617	-0.5795994033594682				-0.19188259588875856	-0.231920432127628	-0.2548413254082486	0.04555781951945179
GSM712539	-0.4769472860813586	1.2745140868193114	-0.13573121789158263	0.534514618260559				-1.3140013338139525	-1.2449794625752406	1.127625692376788	0.48616856653607005
GSM712540	-0.3071764997163836	-0.25024720641579784	0.48174049238346933	-0.76045234544956				-1.130346938832194	-0.37527784209663095	-0.04880056794990202	0.49027682524951305
GSM712541	-0.32247291893631186	-0.501229311022976	0.4952688036702148	-0.9071199186498586				-0.2707289853573667	-1.5062085207409779	-0.5915961117917812	-0.0016871556851276598
GSM712542	-0.335937732001935	-0.7925811425562997	-1.3006739990433918	0.7364145617642743				2.3321634084416907	0.5899953850279807	-1.776884340181195	-1.096538102817332
