name,retention_joint,HR_unadj,p_unadj,q_unadj,HR_adj,p_adj,surviving_fraction
ACEVEDO_LIVER_CANCER_UP,0.9741,1.4275,0.00020916476177113247,0.0009792713846557566,1.4006,0.0002707433410957667,0.9466
ACEVEDO_LIVER_CANCER_WITH_H3K27ME3_DN,0.9171,1.2753,0.004929860253877805,0.008606366205922271,1.2487,0.009657023713800082,0.9133
ACEVEDO_LIVER_CANCER_WITH_H3K27ME3_UP,0.5353,1.2813,0.0036728123959377276,0.007005549570029369,1.2438,0.016811155680378102,0.8802
ACEVEDO_LIVER_CANCER_WITH_H3K9ME3_DN,0.9684,1.3444,0.0006979497363681791,0.002178449177149165,1.3131,0.0016862307597966984,0.9203
ACEVEDO_LIVER_CANCER_WITH_H3K9ME3_UP,0.6311,1.3153,0.0011678992956125017,0.0030046527881590125,1.2824,0.006254589536596771,0.9075
ACEVEDO_LIVER_TUMOR_VS_NORMAL_ADJACENT_TISSUE_DN,0.8441,1.0226,0.7912253465055629,0.8068931751492373,1.1026,0.2762893742467317,4.3762
ACEVEDO_LIVER_TUMOR_VS_NORMAL_ADJACENT_TISSUE_UP,0.9853,1.4869,4.301005031003234e-05,0.0002461130656629628,1.4531,7.407745574241076e-05,0.942
ACEVEDO_METHYLATED_IN_LIVER_CANCER_DN,0.7703,1.3361,0.0009411732311976942,0.0026928011892600693,1.3017,0.0038722865753427855,0.91
ACEVEDO_NORMAL_TISSUE_ADJACENT_TO_LIVER_TUMOR_DN,1.1518,1.2314,0.028850211547238234,0.040156375531966736,1.3198,0.003454331920846581,1.3333
ACEVEDO_NORMAL_TISSUE_ADJACENT_TO_LIVER_TUMOR_UP,0.9954,1.3474,0.0015375327437639444,0.0035992243774474156,1.3489,0.0008292817673557113,1.0039
ANDERSEN_LIVER_CANCER_KRT19_DN,0.0737,0.8328,0.014587651453285154,0.022096001466005457,0.7715,0.09476684163696607,1.418
ANDERSEN_LIVER_CANCER_KRT19_UP,0.8577,1.4206,6.34663083280964e-05,0.0003440541977786279,1.3948,0.0005105101690927452,0.9478
BORLAK_LIVER_CANCER_EGF_UP,0.7273,1.3462,0.0007195704137647976,0.0021798750769933574,1.3125,0.0026917746642963016,0.9147
BOYAULT_LIVER_CANCER_SUBCLASS_G123_DN,0.5764,0.7983,0.005427691083162662,0.009317536359429236,0.7746,0.033008029263306156,1.1335
BOYAULT_LIVER_CANCER_SUBCLASS_G123_UP,0.9815,1.562,1.5664196763818545e-06,2.3802261643175482e-05,1.5288,5.419354049325521e-06,0.9518
BOYAULT_LIVER_CANCER_SUBCLASS_G12_DN,0.4266,0.899,0.22283098247281524,0.2522152878538458,0.981,0.8637262891771147,0.1801
BOYAULT_LIVER_CANCER_SUBCLASS_G12_UP,0.9918,1.2882,0.003925869581671472,0.007352083034766575,1.2853,0.0032991868999028336,0.9912
BOYAULT_LIVER_CANCER_SUBCLASS_G1_UP,0.9047,1.2568,0.008757692546285055,0.013463318392050158,1.2404,0.012028691263709314,0.9427
BOYAULT_LIVER_CANCER_SUBCLASS_G2,0.9657,1.3624,0.00047113283506804995,0.001673333862483074,1.3472,0.0005988897899957869,0.9638
BOYAULT_LIVER_CANCER_SUBCLASS_G23_UP,0.9917,1.5754,3.7561480041987424e-07,1.1598357413564615e-05,1.5462,1.267870070957038e-06,0.9588
BOYAULT_LIVER_CANCER_SUBCLASS_G3_DN,0.1476,0.794,0.001421126954966166,0.003404094799105002,0.6508,0.003101521860050578,1.8623
BOYAULT_LIVER_CANCER_SUBCLASS_G3_UP,0.9568,1.654,7.8826436500605e-08,8.119122959562315e-06,1.6223,8.011133167152561e-07,0.9615
BOYAULT_LIVER_CANCER_SUBCLASS_G56_DN,1.3731,1.1501,0.11666791970614385,0.14305709202062877,1.1393,0.14220389218430457,0.9326
BOYAULT_LIVER_CANCER_SUBCLASS_G6_UP,1.0265,1.0647,0.45770285762440704,0.4860143745908652,1.091,0.30308712255153214,1.3891
BREUHAHN_GROWTH_FACTOR_SIGNALING_IN_LIVER_CANCER,0.7678,1.2228,0.030026009386473825,0.04123571955742405,1.2034,0.03976828357098993,0.9205
CAIRO_HEPATOBLASTOMA_CLASSES_UP,0.9649,1.6294,2.709947011641414e-07,1.1598357413564615e-05,1.5933,2.6075179285186555e-06,0.9541
CAIRO_HEPATOBLASTOMA_DN,0.7382,0.8358,0.02743526641039464,0.03871003342836504,0.8562,0.1739553206177519,0.8655
CAIRO_HEPATOBLASTOMA_POOR_SURVIVAL,1.6481,1.1008,0.26045159886319774,0.2884571471280577,1.2678,0.009309798589412686,2.4713
CAIRO_HEPATOBLASTOMA_UP,0.9304,1.3609,0.0008146450449847063,0.002397383989526421,1.3377,0.001380658294049201,0.9441
CAIRO_LIVER_DEVELOPMENT_UP,0.7417,1.3321,0.0010025854411418369,0.0027180049123019887,1.2968,0.00525459684206893,0.9064
CARRILLOREIXACH_HEPATOBLASTOMA_VS_NORMAL_HYPERMETHYLATED_AND_DN,0.7161,0.896,0.18738081192860645,0.21444692920718292,0.9683,0.762383245786609,0.293
CARRILLOREIXACH_HEPATOBLASTOMA_VS_NORMAL_HYPOMETHYLATED_AND_UP,0.8551,1.378,0.0003847420652535782,0.0014677197304117982,1.3447,0.0016493818105125784,0.9237
CARRILLOREIXACH_HEPATOBLASTOMA_VS_NORMAL_UP,0.8458,1.4477,3.022402097031256e-05,0.00019025305713507676,1.4359,0.00024000429855150967,0.9777
CARRILLOREIXACH_MRS3_VS_LOWER_RISK_HEPATOBLASTOMA_UP,1.1313,1.2834,0.0040441105712013415,0.007419440914311861,1.3527,0.0003559680725432372,1.2108
CAVARD_LIVER_CANCER_MALIGNANT_VS_BENIGN,1.1877,1.1977,0.04566037030171372,0.0580619523589693,1.3046,0.002623343091928105,1.4739
CHEN_LIVER_METABOLISM_QTL_CIS,1.0515,1.2857,0.005748107950763289,0.009549276111751916,1.3206,0.0016186912146800999,1.1065
CHIANG_LIVER_CANCER_SUBCLASS_INTERFERON_DN,1.0431,1.0116,0.8957056755746633,0.8957056755746633,1.0404,0.6570630481241853,3.4251
CHIANG_LIVER_CANCER_SUBCLASS_INTERFERON_UP,0.9254,0.985,0.8628460863350477,0.8713053616912736,1.0226,0.8026269839586747,1.4763
CHIANG_LIVER_CANCER_SUBCLASS_POLYSOMY7_DN,0.8909,1.4633,2.6836552531094156e-05,0.00019025305713507676,1.4365,7.363625316743208e-05,0.9514
CHIANG_LIVER_CANCER_SUBCLASS_PROLIFERATION_DN,0.3518,0.8032,0.005599245087078218,0.009454463015886172,0.7479,0.031238572068738167,1.3253
CHIANG_LIVER_CANCER_SUBCLASS_PROLIFERATION_UP,0.9042,1.5565,9.455154502565337e-07,1.9477618275284594e-05,1.5381,6.9073018437408565e-06,0.9731
CHIANG_LIVER_CANCER_SUBCLASS_UNANNOTATED_DN,0.9782,1.5805,1.652061708666763e-06,2.3802261643175482e-05,1.5309,1.1239365688096446e-05,0.9304
CHIANG_LIVER_CANCER_SUBCLASS_UNANNOTATED_UP,0.1191,0.9563,0.5739115444377677,0.6031927456845926,1.048,0.6240251464100338,1.0484
DESERT_EXTRACELLULAR_MATRIX_HEPATOCELLULAR_CARCINOMA_SUBCLASS_UP,0.8162,1.1281,0.15997014017412478,0.18723777770380512,1.1263,0.16416304568730644,0.9867
DESERT_PERIPORTAL_HEPATOCELLULAR_CARCINOMA_SUBCLASS_UP,0.5969,0.7901,0.0027354483424385317,0.005524532926885662,0.7034,0.011010778549800542,1.4936
DESERT_PERIVENOUS_HEPATOCELLULAR_CARCINOMA_SUBCLASS_UP,1.0907,1.1422,0.12355740473102457,0.14972250220347683,1.2095,0.029648815210146267,1.4307
DESERT_STEM_CELL_HEPATOCELLULAR_CARCINOMA_SUBCLASS_UP,0.8764,1.5813,4.5042164712872293e-07,1.1598357413564615e-05,1.5718,4.243047558419661e-06,0.9868
HOSHIDA_LIVER_CANCER_LATE_RECURRENCE_DN,1.147,1.1432,0.15458027293021964,0.18513683850944912,1.1834,0.07126676698422103,1.2579
HOSHIDA_LIVER_CANCER_LATE_RECURRENCE_UP,0.6755,1.2079,0.03221352620040329,0.0434680888873518,1.1716,0.07806236592590997,0.8387
HOSHIDA_LIVER_CANCER_SUBCLASS_S1,0.5983,1.2643,0.007463758146885685,0.011778042017506112,1.2251,0.03507308166745624,0.8659
HOSHIDA_LIVER_CANCER_SUBCLASS_S2,1.0245,1.313,0.0028772845499830334,0.005699236704774086,1.3273,0.0013038885984591217,1.0396
HOSHIDA_LIVER_CANCER_SUBCLASS_S3,0.1757,0.8504,0.03249556159539892,0.0434680888873518,0.8508,0.26162578555898824,0.9966
HOSHIDA_LIVER_CANCER_SURVIVAL_DN,1.6045,1.1241,0.1870422402780647,0.21444692920718292,1.3313,0.00428291513979286,2.446
HOSHIDA_LIVER_CANCER_SURVIVAL_UP,0.6184,1.2035,0.034783711450024825,0.04593233691477637,1.1653,0.0921072381819567,0.826
HSIAO_LIVER_SPECIFIC_GENES,0.2487,0.853,0.01781471462732072,0.025843881783296253,0.6006,0.04944766019605605,3.2069
IIZUKA_LIVER_CANCER_PROGRESSION_G1_G2_DN,0.9856,1.4338,0.00016208873709046016,0.0008347569960158698,1.4127,0.00017639764145406848,0.9587
IIZUKA_LIVER_CANCER_PROGRESSION_L0_L1_DN,0.7134,1.2626,0.007547094885003916,0.011778042017506112,1.2299,0.04207787271904488,0.8877
IIZUKA_LIVER_CANCER_PROGRESSION_L0_L1_UP,0.9835,1.3231,0.0025984312886720997,0.005495781610591787,1.3149,0.002626420039219233,0.9777
IIZUKA_LIVER_CANCER_PROGRESSION_L1_G1_UP,0.8813,1.039,0.6429570294017422,0.6689350911957519,1.0957,0.294382860743439,2.3858
KAPOSI_LIVER_CANCER_MET_UP,0.7971,1.4935,3.9695528616282664e-06,4.015645457336852e-05,1.5087,4.388995497053837e-05,1.0252
KIM_LIVER_CANCER_POOR_SURVIVAL_DN,0.1664,0.8463,0.021361591709771397,0.030558943695922974,0.792,0.16411042558539737,1.3979
KIM_LIVER_CANCER_POOR_SURVIVAL_UP,0.4886,1.4264,3.1400990012585486e-05,0.00019025305713507676,1.4298,0.00023627377558831957,1.0068
LEE_LIVER_CANCER_ACOX1_UP,0.7933,1.3667,0.000522356501897116,0.0017934239898467648,1.3394,0.001199667642171481,0.9354
LEE_LIVER_CANCER_CIPROFIBRATE_UP,0.924,1.2962,0.0048500655622844,0.008606366205922271,1.3153,0.002814050884095809,1.0563
LEE_LIVER_CANCER_DENA_DN,0.0573,0.857,0.04742559649882928,0.05957117608999287,0.8828,0.3903389219794656,0.8081
LEE_LIVER_CANCER_DENA_UP,0.7508,1.3626,0.00044336405335923594,0.0016309463391429037,1.3321,0.0015940560190522343,0.9269
LEE_LIVER_CANCER_E2F1_UP,0.8874,1.2724,0.0069036514999065764,0.011110564132662147,1.2596,0.008049067291780175,0.958
LEE_LIVER_CANCER_MYC_E2F1_DN,0.0115,0.9224,0.2903796607072842,0.3181819686473434,1.1309,0.39972210658823837,1.5224
LEE_LIVER_CANCER_MYC_E2F1_UP,0.8715,1.3186,0.0019793539546177834,0.004530521273902926,1.2927,0.0037465585974871063,0.9283
LEE_LIVER_CANCER_MYC_TGFA_DN,0.3116,0.928,0.35380380127923655,0.37960199512251425,1.1641,0.3114931985132516,2.0318
LEE_LIVER_CANCER_MYC_TGFA_UP,0.8444,1.3771,0.00037148166432212027,0.0014677197304117982,1.3439,0.0010833091327757183,0.9239
LEE_LIVER_CANCER_MYC_UP,0.9854,1.357,0.0011960268380050438,0.0030046527881590125,1.3326,0.0017073700790967137,0.9408
LEE_LIVER_CANCER_SURVIVAL_DN,0.8817,1.5314,1.848719350926251e-06,2.3802261643175482e-05,1.5188,2.2832537195309003e-05,0.9806
LIU_LIVER_CANCER,0.9408,1.2441,0.016481796559785405,0.02425178636654138,1.2426,0.014368649549613297,0.9943
MARTORIATI_MDM4_TARGETS_FETAL_LIVER_DN,0.9361,1.3302,0.0022844181304062933,0.005006278030464855,1.314,0.002562771117786692,0.957
MARTORIATI_MDM4_TARGETS_FETAL_LIVER_UP,0.8752,1.4778,1.8384598983439727e-05,0.00014566259194571476,1.4477,0.0001251674039419526,0.9472
MIDORIKAWA_AMPLIFIED_IN_LIVER_CANCER,0.8613,1.397,0.00018535263439631362,0.0009091105401343002,1.3637,0.0007619980757887079,0.9278
MINGUEZ_LIVER_CANCER_VASCULAR_INVASION_DN,0.5778,0.7741,0.001002759093858986,0.0027180049123019887,0.7182,0.004446654445270308,1.2927
NABA_MATRISOME_METASTATIC_COLORECTAL_LIVER_METASTASIS,0.5194,1.1753,0.06698043189142108,0.08312029499778761,1.1445,0.12915499147840634,0.8357
OHGUCHI_LIVER_HNF4A_TARGETS_DN,0.0409,0.9015,0.15742760526769256,0.18637980853531416,1.0872,0.6329881926620623,0.8067
PATIL_LIVER_CANCER,0.9685,1.5541,3.875893053010845e-06,4.015645457336852e-05,1.5198,1.201704791016587e-05,0.9494
ROESSLER_LIVER_CANCER_METASTASIS_DN,0.8756,1.3156,0.0026678551507727122,0.005495781610591787,1.286,0.005286509018563213,0.9171
ROESSLER_LIVER_CANCER_METASTASIS_UP,0.841,1.4041,0.0002855145895624442,0.0012452721856608287,1.3673,0.0009527044937158919,0.9218
SAKAI_CHRONIC_HEPATITIS_VS_LIVER_CANCER_DN,0.6135,1.1098,0.23639714321505495,0.2646620190342463,1.0613,0.5202534107330311,0.5709
SAKAI_CHRONIC_HEPATITIS_VS_LIVER_CANCER_UP,0.9665,1.3842,0.0006228567427193895,0.0020048201406280353,1.3581,0.0007782395034876895,0.9415
SERVITJA_LIVER_HNF1A_TARGETS_UP,0.9959,1.4828,1.8161397075265095e-05,0.00014566259194571476,1.4694,2.0352277698324772e-05,0.9769
SHETH_LIVER_CANCER_VS_TXNIP_LOSS_PAM1,0.8685,1.4539,2.905829057400893e-05,0.00019025305713507676,1.42,0.00015504509589020794,0.9368
SHETH_LIVER_CANCER_VS_TXNIP_LOSS_PAM2,0.8523,1.377,0.00031516658377058994,0.0012984863251348305,1.3445,0.0010403267712709172,0.9253
SHETH_LIVER_CANCER_VS_TXNIP_LOSS_PAM3,0.8605,1.3266,0.0014110968333844592,0.003404094799105002,1.2968,0.0036288499306087597,0.9196
SHETH_LIVER_CANCER_VS_TXNIP_LOSS_PAM4,1.4709,1.0386,0.6587076400390589,0.6784688692402306,1.1481,0.14433326411502442,3.6453
SHETH_LIVER_CANCER_VS_TXNIP_LOSS_PAM5,0.7752,1.3309,0.001075640610219439,0.0028407944321180057,1.2933,0.0051359544960822776,0.8997
SHETH_LIVER_CANCER_VS_TXNIP_LOSS_PAM6,0.8909,1.3229,0.002085439775788738,0.004669571671874783,1.2971,0.003557399026925845,0.9296
SMITH_LIVER_CANCER,1.1343,1.3287,0.002653787320343254,0.005495781610591787,1.4453,9.742685974429787e-05,1.296
SU_LIVER,0.3416,0.8321,0.006659692319505081,0.010888068395381324,0.5876,0.009029610051403217,2.8925
VILLANUEVA_LIVER_CANCER_KRT19_UP,0.9399,1.5101,4.288553401039357e-06,4.015645457336852e-05,1.4799,2.025135097216255e-05,0.951
WANG_RECURRENT_LIVER_CANCER_UP,0.9194,1.36,0.0005780011062896096,0.0019204552886396705,1.328,0.0013336821479659846,0.9226
WENG_POR_TARGETS_LIVER_DN,0.5348,0.9217,0.3334437325516294,0.36152320476650346,1.0132,0.9019413256716514,0.1608
WENG_POR_TARGETS_LIVER_UP,1.8933,1.215,0.039475487999392087,0.0514680413156631,1.5059,0.0002181837095842374,2.1024
WOO_LIVER_CANCER_RECURRENCE_DN,0.058,0.8326,0.015425815662239464,0.023026942220444418,0.784,0.10769749397650662,1.3285
WOO_LIVER_CANCER_RECURRENCE_UP,0.5225,1.2803,0.004105904195298797,0.007419440914311861,1.2473,0.021914747349673403,0.8945
YAMASHITA_LIVER_CANCER_STEM_CELL_DN,0.224,0.8513,0.04097740896535779,0.05275841404289815,0.8728,0.319223638454955,0.8448
YAMASHITA_LIVER_CANCER_STEM_CELL_UP,0.8962,1.2987,0.0036095297485173243,0.007005549570029369,1.2804,0.00462174586983198,0.9457
YAMASHITA_LIVER_CANCER_WITH_EPCAM_UP,0.8909,1.3808,0.0002901605092801931,0.0012452721856608287,1.3467,0.0010368477949433865,0.9224
