tissue,cohort,set_name,n_genes_in_set,n_genes_on_platform,unadjusted_mean_delta,wilcoxon_p,retention_D1,retention_joint,status,exclusion_reason
liver,GSE14520,ACEVEDO_LIVER_CANCER_DN,540,433,-0.5882,7.435059282718545e-34,0.6618,0.6312,included,
liver,GSE14520,ACEVEDO_LIVER_CANCER_UP,972,779,0.6297,2.8693952727087323e-34,0.963,1.0305,included,
liver,GSE14520,ACEVEDO_LIVER_CANCER_WITH_H3K27ME3_DN,222,127,0.0312,0.004237244468931276,1.149,0.8152,included,
liver,GSE14520,ACEVEDO_LIVER_CANCER_WITH_H3K27ME3_UP,290,197,-0.13,4.2078664210653436e-11,2.054,1.8271,included,
liver,GSE14520,ACEVEDO_LIVER_CANCER_WITH_H3K9ME3_DN,119,77,0.3137,3.074070725632871e-32,0.8533,0.7593,included,
liver,GSE14520,ACEVEDO_LIVER_CANCER_WITH_H3K9ME3_UP,137,80,-0.1289,1.5381340200079278e-11,1.5587,1.7457,included,
liver,GSE14520,ACEVEDO_LIVER_TUMOR_VS_NORMAL_ADJACENT_TISSUE_DN,274,231,-0.74,1.6132510108180226e-35,0.8105,0.7579,included,
liver,GSE14520,ACEVEDO_LIVER_TUMOR_VS_NORMAL_ADJACENT_TISSUE_UP,863,684,0.7844,1.7535321267549627e-35,0.9896,1.0045,included,
liver,GSE14520,ACEVEDO_METHYLATED_IN_LIVER_CANCER_DN,876,506,-0.1397,9.848048682112098e-20,1.4147,1.4269,included,
liver,GSE14520,ACEVEDO_NORMAL_TISSUE_ADJACENT_TO_LIVER_TUMOR_DN,354,286,-0.0432,0.043337239000946576,2.5222,2.1331,included,
liver,GSE14520,ACEVEDO_NORMAL_TISSUE_ADJACENT_TO_LIVER_TUMOR_UP,173,143,0.1886,6.2851694905440945e-25,1.2423,1.5064,included,
liver,GSE14520,ANDERSEN_LIVER_CANCER_KRT19_DN,75,64,-0.8406,1.1989292260898292e-32,0.4412,0.4216,included,
liver,GSE14520,ANDERSEN_LIVER_CANCER_KRT19_UP,35,30,0.8311,1.4233658063307517e-33,0.704,0.7836,included,
liver,GSE14520,BORLAK_LIVER_CANCER_EGF_UP,54,52,0.2251,2.8340815736772213e-15,0.4558,0.953,included,
liver,GSE14520,BOYAULT_LIVER_CANCER_SUBCLASS_G123_DN,51,51,-1.2683,5.234984842528959e-35,0.6614,0.6413,included,
liver,GSE14520,BOYAULT_LIVER_CANCER_SUBCLASS_G123_UP,47,43,1.3783,2.811463131872513e-36,0.9015,0.8807,included,
liver,GSE14520,BOYAULT_LIVER_CANCER_SUBCLASS_G12_DN,15,14,-1.1115,1.3125913832032208e-33,0.6267,0.6422,included,
liver,GSE14520,BOYAULT_LIVER_CANCER_SUBCLASS_G12_UP,39,38,1.0202,4.95386916267961e-35,1.0312,1.0185,included,
liver,GSE14520,BOYAULT_LIVER_CANCER_SUBCLASS_G1_DN,38,37,-0.6103,1.3767038900836464e-23,0.6408,0.5904,included,
liver,GSE14520,BOYAULT_LIVER_CANCER_SUBCLASS_G1_UP,116,112,0.7349,1.5298406119479401e-34,0.8418,0.8685,included,
liver,GSE14520,BOYAULT_LIVER_CANCER_SUBCLASS_G2,28,28,0.7167,8.135347205040129e-35,0.9359,0.9056,included,
liver,GSE14520,BOYAULT_LIVER_CANCER_SUBCLASS_G23_DN,10,,,,,,excluded,set size 10 outside 15 to 1000
liver,GSE14520,BOYAULT_LIVER_CANCER_SUBCLASS_G23_UP,53,52,1.1924,1.3902599660964312e-36,0.8847,0.837,included,
liver,GSE14520,BOYAULT_LIVER_CANCER_SUBCLASS_G3_DN,52,51,-0.8871,1.3485301790654999e-33,0.4783,0.4165,included,
liver,GSE14520,BOYAULT_LIVER_CANCER_SUBCLASS_G3_UP,189,182,1.1102,1.7920511691769592e-36,0.8674,0.8503,included,
liver,GSE14520,BOYAULT_LIVER_CANCER_SUBCLASS_G56_DN,17,17,-0.3387,8.705252588960236e-13,1.356,0.9321,included,
liver,GSE14520,BOYAULT_LIVER_CANCER_SUBCLASS_G56_UP,12,,,,,,excluded,set size 12 outside 15 to 1000
liver,GSE14520,BOYAULT_LIVER_CANCER_SUBCLASS_G5_DN,28,26,-0.1338,0.016335778952416887,3.681,0.9647,included,
liver,GSE14520,BOYAULT_LIVER_CANCER_SUBCLASS_G6_DN,19,19,-0.3108,5.391931472635444e-16,0.8729,0.7229,included,
liver,GSE14520,BOYAULT_LIVER_CANCER_SUBCLASS_G6_UP,66,64,0.3443,1.186704434578035e-16,1.4353,1.3426,included,
liver,GSE14520,BREUHAHN_GROWTH_FACTOR_SIGNALING_IN_LIVER_CANCER,15,13,-0.0585,0.06749868583665763,,,excluded,no unadjusted paired effect (two-sided Wilcoxon P >= 0.05)
liver,GSE14520,CAIRO_HEPATOBLASTOMA_CLASSES_DN,214,211,-0.6136,3.700340021959762e-33,0.7792,0.5803,included,
liver,GSE14520,CAIRO_HEPATOBLASTOMA_CLASSES_UP,609,585,0.9262,2.1521439812751742e-36,0.887,0.8403,included,
liver,GSE14520,CAIRO_HEPATOBLASTOMA_DN,267,261,-1.1252,4.223843203954511e-36,0.7188,0.6784,included,
liver,GSE14520,CAIRO_HEPATOBLASTOMA_POOR_SURVIVAL,16,16,-0.1198,4.657368227571981e-08,0.5592,0.4591,included,
liver,GSE14520,CAIRO_HEPATOBLASTOMA_UP,213,202,0.9178,5.994336355698683e-36,0.8893,0.9054,included,
liver,GSE14520,CAIRO_LIVER_DEVELOPMENT_DN,225,220,-0.4971,5.984134523753048e-34,0.3908,0.321,included,
liver,GSE14520,CAIRO_LIVER_DEVELOPMENT_UP,166,166,0.1183,2.6391937148566897e-11,0.312,0.1699,included,
liver,GSE14520,CARRILLOREIXACH_14Q32OVEREXPRESSION_IN_HEPATOBLASTOMA,48,2,,,,,excluded,fewer than 10 symbols present on the platform
liver,GSE14520,CARRILLOREIXACH_HEPATOBLASTOMA_VS_NORMAL_DN,1256,,,,,,excluded,set size 1256 outside 15 to 1000
liver,GSE14520,CARRILLOREIXACH_HEPATOBLASTOMA_VS_NORMAL_HYPERMETHYLATED_AND_DN,21,15,-0.8432,3.655547318010987e-35,0.7209,0.6903,included,
liver,GSE14520,CARRILLOREIXACH_HEPATOBLASTOMA_VS_NORMAL_HYPOMETHYLATED_AND_UP,162,140,0.5598,2.1617766946558208e-33,0.5989,0.7358,included,
liver,GSE14520,CARRILLOREIXACH_HEPATOBLASTOMA_VS_NORMAL_UP,891,609,0.4634,3.750304214876909e-33,0.6066,0.593,included,
liver,GSE14520,CARRILLOREIXACH_MRS3_VS_LOWER_RISK_HEPATOBLASTOMA_DN,168,129,-0.2517,1.8761848423080306e-10,2.2569,1.1775,included,
liver,GSE14520,CARRILLOREIXACH_MRS3_VS_LOWER_RISK_HEPATOBLASTOMA_UP,51,38,0.2866,4.351834339450708e-12,1.7861,1.3858,included,
liver,GSE14520,CAVARD_LIVER_CANCER_MALIGNANT_VS_BENIGN,32,28,0.1803,1.2667399068180019e-10,1.8169,2.3451,included,
liver,GSE14520,CHEN_LIVER_METABOLISM_QTL_CIS,95,68,0.1833,6.041778560711383e-13,1.4545,1.5309,included,
liver,GSE14520,CHIANG_LIVER_CANCER_SUBCLASS_CTNNB1_DN,170,138,-0.2899,3.799906603458895e-15,1.4422,0.7116,included,
liver,GSE14520,CHIANG_LIVER_CANCER_SUBCLASS_CTNNB1_UP,175,140,-0.2819,1.9129533080206816e-15,0.2476,0.3427,included,
liver,GSE14520,CHIANG_LIVER_CANCER_SUBCLASS_INTERFERON_DN,52,31,-0.111,8.516883804922947e-07,0.4413,0.1549,included,
liver,GSE14520,CHIANG_LIVER_CANCER_SUBCLASS_INTERFERON_UP,26,24,-0.4021,2.5304845630374474e-20,0.8764,0.3221,included,
liver,GSE14520,CHIANG_LIVER_CANCER_SUBCLASS_POLYSOMY7_DN,25,19,0.5375,2.117418797990172e-26,0.6682,0.7916,included,
liver,GSE14520,CHIANG_LIVER_CANCER_SUBCLASS_POLYSOMY7_UP,79,53,-0.5514,1.7964121166089366e-27,0.5308,0.5997,included,
liver,GSE14520,CHIANG_LIVER_CANCER_SUBCLASS_PROLIFERATION_DN,179,155,-1.0598,5.515819886542108e-34,0.5234,0.5145,included,
liver,GSE14520,CHIANG_LIVER_CANCER_SUBCLASS_PROLIFERATION_UP,179,141,0.9447,1.2558901377447894e-35,0.7114,0.7075,included,
liver,GSE14520,CHIANG_LIVER_CANCER_SUBCLASS_UNANNOTATED_DN,194,157,0.8929,2.5154173943855687e-35,0.9383,0.9556,included,
liver,GSE14520,CHIANG_LIVER_CANCER_SUBCLASS_UNANNOTATED_UP,86,66,-0.6868,1.9842806196462715e-34,0.636,0.5823,included,
liver,GSE14520,DESERT_EXTRACELLULAR_MATRIX_HEPATOCELLULAR_CARCINOMA_SUBCLASS_UP,22,22,0.2765,4.9330236325384855e-12,0.6948,1.2901,included,
liver,GSE14520,DESERT_PERIPORTAL_HEPATOCELLULAR_CARCINOMA_SUBCLASS_UP,159,158,-1.0397,2.3797226666218932e-35,0.6082,0.5775,included,
liver,GSE14520,DESERT_PERIVENOUS_HEPATOCELLULAR_CARCINOMA_SUBCLASS_UP,155,155,0.3717,5.733972766901177e-23,1.4209,1.3935,included,
liver,GSE14520,DESERT_STEM_CELL_HEPATOCELLULAR_CARCINOMA_SUBCLASS_UP,242,235,0.9816,6.428473463269972e-36,0.718,0.7598,included,
liver,GSE14520,FUJIWARA_PARK2_HEPATOCYTE_PROLIFERATION_DN,9,,,,,,excluded,set size 9 outside 15 to 1000
liver,GSE14520,FUJIWARA_PARK2_HEPATOCYTE_PROLIFERATION_UP,11,,,,,,excluded,set size 11 outside 15 to 1000
liver,GSE14520,FUJIWARA_PARK2_IN_LIVER_CANCER_DN,6,,,,,,excluded,set size 6 outside 15 to 1000
liver,GSE14520,FUJIWARA_PARK2_IN_LIVER_CANCER_UP,8,,,,,,excluded,set size 8 outside 15 to 1000
liver,GSE14520,HEBERT_MATRISOME_TNBC_BONE_BRAIN_LIVER_LUNG_METASTASTASES,13,,,,,,excluded,set size 13 outside 15 to 1000
liver,GSE14520,HEBERT_MATRISOME_TNBC_BONE_BRAIN_LUNG_LIVER_METASTASTASES_TUMOR_CELL_DERIVED,7,,,,,,excluded,set size 7 outside 15 to 1000
liver,GSE14520,HEBERT_MATRISOME_TNBC_LIVER_METASTASIS,14,,,,,,excluded,set size 14 outside 15 to 1000
liver,GSE14520,HOSHIDA_LIVER_CANCER_LATE_RECURRENCE_DN,70,70,-0.3736,2.6451306237345498e-33,0.7023,0.8423,included,
liver,GSE14520,HOSHIDA_LIVER_CANCER_LATE_RECURRENCE_UP,62,60,0.1678,7.354828515524546e-09,0.0834,0.9387,included,
liver,GSE14520,HOSHIDA_LIVER_CANCER_SUBCLASS_S1,235,232,0.2219,5.277155372964945e-08,0.3988,0.7196,included,
liver,GSE14520,HOSHIDA_LIVER_CANCER_SUBCLASS_S2,115,112,0.6457,1.1830823047026439e-32,1.0618,0.9993,included,
liver,GSE14520,HOSHIDA_LIVER_CANCER_SUBCLASS_S3,266,256,-0.7596,5.103775687528626e-33,0.4503,0.4139,included,
liver,GSE14520,HOSHIDA_LIVER_CANCER_SURVIVAL_DN,113,112,-0.2932,1.9713591164130942e-26,0.2562,0.2981,included,
liver,GSE14520,HOSHIDA_LIVER_CANCER_SURVIVAL_UP,73,72,0.0929,0.0015551094237183766,1.172,0.7114,included,
liver,GSE14520,HO_LIVER_CANCER_VASCULAR_INVASION,13,,,,,,excluded,set size 13 outside 15 to 1000
liver,GSE14520,HSIAO_LIVER_SPECIFIC_GENES,247,238,-0.8383,7.236132290777785e-34,0.3451,0.3187,included,
liver,GSE14520,IIZUKA_LIVER_CANCER_EARLY_RECURRENCE,11,,,,,,excluded,set size 11 outside 15 to 1000
liver,GSE14520,IIZUKA_LIVER_CANCER_PROGRESSION_G1_G2_DN,25,25,0.7124,2.6451306237345498e-33,0.9641,1.0108,included,
liver,GSE14520,IIZUKA_LIVER_CANCER_PROGRESSION_G1_G2_UP,12,,,,,,excluded,set size 12 outside 15 to 1000
liver,GSE14520,IIZUKA_LIVER_CANCER_PROGRESSION_G2_G3_DN,9,,,,,,excluded,set size 9 outside 15 to 1000
liver,GSE14520,IIZUKA_LIVER_CANCER_PROGRESSION_G2_G3_UP,27,27,-0.4565,2.253550398345622e-21,0.005,0.0042,included,
liver,GSE14520,IIZUKA_LIVER_CANCER_PROGRESSION_L0_L1_DN,17,17,0.2278,6.626778180970903e-07,0.0294,1.0206,included,
liver,GSE14520,IIZUKA_LIVER_CANCER_PROGRESSION_L0_L1_UP,15,14,-0.0406,0.0531339341175069,,,excluded,no unadjusted paired effect (two-sided Wilcoxon P >= 0.05)
liver,GSE14520,IIZUKA_LIVER_CANCER_PROGRESSION_L1_G1_DN,10,,,,,,excluded,set size 10 outside 15 to 1000
liver,GSE14520,IIZUKA_LIVER_CANCER_PROGRESSION_L1_G1_UP,20,20,-1.0137,9.637682267853121e-36,0.85,0.7833,included,
liver,GSE14520,KAPOSI_LIVER_CANCER_MET_DN,6,,,,,,excluded,set size 6 outside 15 to 1000
liver,GSE14520,KAPOSI_LIVER_CANCER_MET_UP,18,17,0.7532,5.224025095515341e-34,0.6057,0.708,included,
liver,GSE14520,KIM_LIVER_CANCER_POOR_SURVIVAL_DN,43,43,-0.8086,1.3762013048434084e-31,0.2266,0.259,included,
liver,GSE14520,KIM_LIVER_CANCER_POOR_SURVIVAL_UP,22,21,0.3916,6.234866890668996e-12,0.0707,0.4032,included,
liver,GSE14520,KUROKAWA_LIVER_CANCER_EARLY_RECURRENCE_DN,6,,,,,,excluded,set size 6 outside 15 to 1000
liver,GSE14520,KUROKAWA_LIVER_CANCER_EARLY_RECURRENCE_UP,12,,,,,,excluded,set size 12 outside 15 to 1000
liver,GSE14520,LEE_LIVER_CANCER_ACOX1_DN,65,64,-0.6232,1.2977947541136865e-34,0.4835,0.4742,included,
liver,GSE14520,LEE_LIVER_CANCER_ACOX1_UP,65,64,0.0059,0.8839033693867422,,,excluded,no unadjusted paired effect (two-sided Wilcoxon P >= 0.05)
liver,GSE14520,LEE_LIVER_CANCER_CIPROFIBRATE_DN,66,65,-0.5022,4.814842229364266e-34,0.4606,0.4994,included,
liver,GSE14520,LEE_LIVER_CANCER_CIPROFIBRATE_UP,60,57,-0.0557,0.00010864011595221696,0.873,0.2658,included,
liver,GSE14520,LEE_LIVER_CANCER_DENA_DN,74,73,-0.6636,5.608762829751234e-35,0.5189,0.5617,included,
liver,GSE14520,LEE_LIVER_CANCER_DENA_UP,60,59,0.2546,5.160317404154261e-18,0.3409,0.9126,included,
liver,GSE14520,LEE_LIVER_CANCER_E2F1_DN,64,62,-0.4814,5.565453762810564e-32,0.4254,0.4287,included,
liver,GSE14520,LEE_LIVER_CANCER_E2F1_UP,63,62,0.1591,3.5411366232872594e-11,0.5618,1.3529,included,
liver,GSE14520,LEE_LIVER_CANCER_HEPATOBLAST,16,16,-0.2308,1.7821687809854582e-07,2.5945,1.4834,included,
liver,GSE14520,LEE_LIVER_CANCER_MYC_DN,63,59,-0.4278,7.520149542307866e-33,0.4816,0.4061,included,
liver,GSE14520,LEE_LIVER_CANCER_MYC_E2F1_DN,64,63,-0.6441,2.6437885885198632e-34,0.5045,0.4988,included,
liver,GSE14520,LEE_LIVER_CANCER_MYC_E2F1_UP,56,55,0.3262,4.967273652205244e-27,0.7082,1.0954,included,
liver,GSE14520,LEE_LIVER_CANCER_MYC_TGFA_DN,65,64,-0.5813,3.9042525394115035e-33,0.4865,0.4792,included,
liver,GSE14520,LEE_LIVER_CANCER_MYC_TGFA_UP,61,59,0.1142,3.195679854242012e-10,0.2443,0.8045,included,
liver,GSE14520,LEE_LIVER_CANCER_MYC_UP,54,54,0.3148,8.492558097499504e-30,0.9606,1.0829,included,
liver,GSE14520,LEE_LIVER_CANCER_SURVIVAL_DN,180,151,0.8898,9.504204093371368e-36,0.7272,0.7819,included,
liver,GSE14520,LEE_LIVER_CANCER_SURVIVAL_UP,187,159,-0.7202,6.183246841341627e-32,0.3626,0.3882,included,
liver,GSE14520,LIU_LIVER_CANCER,35,24,-0.0012,0.8847800472086855,,,excluded,no unadjusted paired effect (two-sided Wilcoxon P >= 0.05)
liver,GSE14520,MARTORIATI_MDM4_TARGETS_FETAL_LIVER_DN,516,450,0.221,6.181975311630642e-30,0.9186,1.0734,included,
liver,GSE14520,MARTORIATI_MDM4_TARGETS_FETAL_LIVER_UP,239,176,0.1533,3.7449561338258387e-26,0.5403,0.6656,included,
liver,GSE14520,MIDORIKAWA_AMPLIFIED_IN_LIVER_CANCER,55,36,0.2792,5.559075815641764e-28,0.7975,0.9046,included,
liver,GSE14520,MINGUEZ_LIVER_CANCER_VASCULAR_INVASION_DN,21,18,-1.1282,2.0393046874736746e-34,0.5814,0.5118,included,
liver,GSE14520,MINGUEZ_LIVER_CANCER_VASCULAR_INVASION_UP,14,,,,,,excluded,set size 14 outside 15 to 1000
liver,GSE14520,NABA_MATRISOME_METASTATIC_COLORECTAL_LIVER_METASTASIS,30,26,-0.0943,0.003011714173621609,3.1549,0.8911,included,
liver,GSE14520,OHGUCHI_LIVER_HNF4A_TARGETS_DN,170,126,-0.684,2.3062766418635386e-34,0.4664,0.4753,included,
liver,GSE14520,OHGUCHI_LIVER_HNF4A_TARGETS_UP,50,40,-0.4195,4.947569690206986e-34,0.7893,0.6665,included,
liver,GSE14520,PATIL_LIVER_CANCER,660,550,0.9262,1.4709973696897315e-36,0.9195,0.8926,included,
liver,GSE14520,ROESSLER_LIVER_CANCER_METASTASIS_DN,51,42,0.3329,2.061462091303166e-30,0.7335,0.8479,included,
liver,GSE14520,ROESSLER_LIVER_CANCER_METASTASIS_UP,106,104,0.0559,2.688675780653575e-06,0.1307,0.247,included,
liver,GSE14520,SAKAI_CHRONIC_HEPATITIS_VS_LIVER_CANCER_DN,36,33,-0.2568,1.8016910734116163e-23,1.2053,1.1706,included,
liver,GSE14520,SAKAI_CHRONIC_HEPATITIS_VS_LIVER_CANCER_UP,82,78,0.4979,4.464176293426377e-33,0.919,1.0332,included,
liver,GSE14520,SERVITJA_LIVER_HNF1A_TARGETS_DN,164,137,-0.4761,1.0136828313299712e-34,0.5616,0.5312,included,
liver,GSE14520,SERVITJA_LIVER_HNF1A_TARGETS_UP,138,111,0.1775,3.097676149090614e-26,0.9625,0.9512,included,
liver,GSE14520,SHETH_LIVER_CANCER_VS_TXNIP_LOSS_PAM1,260,206,0.3175,4.622354840984181e-34,0.7017,0.7751,included,
liver,GSE14520,SHETH_LIVER_CANCER_VS_TXNIP_LOSS_PAM2,168,139,0.2649,2.608317106130541e-31,0.6739,0.8412,included,
liver,GSE14520,SHETH_LIVER_CANCER_VS_TXNIP_LOSS_PAM3,75,65,0.2273,4.493220610902639e-25,0.6767,0.9178,included,
liver,GSE14520,SHETH_LIVER_CANCER_VS_TXNIP_LOSS_PAM4,288,240,-0.4215,1.4285280067283753e-34,0.6565,0.5948,included,
liver,GSE14520,SHETH_LIVER_CANCER_VS_TXNIP_LOSS_PAM5,111,82,-0.0132,0.28666468366944087,,,excluded,no unadjusted paired effect (two-sided Wilcoxon P >= 0.05)
liver,GSE14520,SHETH_LIVER_CANCER_VS_TXNIP_LOSS_PAM6,55,45,0.1038,1.2410710964266089e-11,0.6466,0.6264,included,
liver,GSE14520,SMID_BREAST_CANCER_RELAPSE_IN_LIVER_DN,10,,,,,,excluded,set size 10 outside 15 to 1000
liver,GSE14520,SMID_BREAST_CANCER_RELAPSE_IN_LIVER_UP,6,,,,,,excluded,set size 6 outside 15 to 1000
liver,GSE14520,SMITH_LIVER_CANCER,47,46,0.7102,2.267463478049352e-32,1.2374,1.1624,included,
liver,GSE14520,SU_LIVER,58,57,-0.9451,2.503265876109863e-34,0.4513,0.4346,included,
liver,GSE14520,VILLANUEVA_LIVER_CANCER_KRT19_DN,63,51,-0.7729,1.5480316651892262e-31,0.518,0.5325,included,
liver,GSE14520,VILLANUEVA_LIVER_CANCER_KRT19_UP,175,138,0.777,1.2385253813577822e-35,0.7661,0.7175,included,
liver,GSE14520,WANG_RECURRENT_LIVER_CANCER_DN,16,14,-0.5923,2.2627941235071198e-27,0.3571,0.2681,included,
liver,GSE14520,WANG_RECURRENT_LIVER_CANCER_UP,20,18,0.6991,4.49829674633225e-34,0.9044,0.8942,included,
liver,GSE14520,WENG_POR_TARGETS_LIVER_DN,23,21,-0.6226,2.375322936018574e-33,0.6279,0.627,included,
liver,GSE14520,WENG_POR_TARGETS_LIVER_UP,44,39,-0.0278,0.6938388058991849,,,excluded,no unadjusted paired effect (two-sided Wilcoxon P >= 0.05)
liver,GSE14520,WIEMANN_TELOMERE_SHORTENING_AND_CHRONIC_LIVER_DAMAGE_DN,6,,,,,,excluded,set size 6 outside 15 to 1000
liver,GSE14520,WIEMANN_TELOMERE_SHORTENING_AND_CHRONIC_LIVER_DAMAGE_UP,11,,,,,,excluded,set size 11 outside 15 to 1000
liver,GSE14520,WOO_LIVER_CANCER_RECURRENCE_DN,78,78,-0.9234,2.132868868512331e-33,0.4293,0.4517,included,
liver,GSE14520,WOO_LIVER_CANCER_RECURRENCE_UP,105,103,0.1949,4.1261715786923965e-05,1.0328,0.0611,included,
liver,GSE14520,YAMASHITA_LIVER_CANCER_STEM_CELL_DN,76,71,-0.6838,3.3795605006210595e-34,0.4763,0.4232,included,
liver,GSE14520,YAMASHITA_LIVER_CANCER_STEM_CELL_UP,47,45,0.1662,2.7105983098049433e-15,0.5717,0.7926,included,
liver,GSE14520,YAMASHITA_LIVER_CANCER_WITH_EPCAM_DN,17,12,-0.5792,1.462926122006872e-26,0.163,0.1936,included,
liver,GSE14520,YAMASHITA_LIVER_CANCER_WITH_EPCAM_UP,53,51,0.7662,6.0659388944197454e-34,0.8206,0.8378,included,
lung,TCGA_LUAD,BLANCO_MELO_COVID19_SARS_COV_2_POS_PATIENT_LUNG_TISSUE_DN,175,171,-0.2566,0.0016922364394889745,1.323,0.8834,included,
lung,TCGA_LUAD,BLANCO_MELO_COVID19_SARS_COV_2_POS_PATIENT_LUNG_TISSUE_UP,174,169,-0.25,2.576794739093419e-05,0.8687,0.104,included,
lung,TCGA_LUAD,CHEN_LUNG_CANCER_SURVIVAL,28,28,0.2662,2.953832562657818e-05,0.4681,0.6909,included,
lung,TCGA_LUAD,DING_LUNG_CANCER_BY_MUTATION_RATE,20,20,-0.2152,0.004887697086017624,1.3613,0.5097,included,
lung,TCGA_LUAD,DING_LUNG_CANCER_EXPRESSION_BY_COPY_NUMBER,100,100,0.2507,0.02082783589976717,0.3171,0.0881,included,
lung,TCGA_LUAD,DING_LUNG_CANCER_MUTATED_FREQUENTLY,12,,,,,,excluded,set size 12 outside 15 to 1000
lung,TCGA_LUAD,DING_LUNG_CANCER_MUTATED_RECURRENTLY,6,,,,,,excluded,set size 6 outside 15 to 1000
lung,TCGA_LUAD,DING_LUNG_CANCER_MUTATED_SIGNIFICANTLY,26,26,-0.187,0.00355695359914004,1.3797,0.4498,included,
lung,TCGA_LUAD,DONG_LUNG_ADENOCARCINOMA_FERROPTOSIS_LNCRNA,15,14,0.1182,0.04452236247718855,0.3274,0.5304,included,
lung,TCGA_LUAD,FALVELLA_SMOKERS_WITH_LUNG_CANCER,81,80,-0.2459,5.9595325999386544e-05,0.9651,0.4657,included,
lung,TCGA_LUAD,HATADA_METHYLATED_IN_LUNG_CANCER_DN,35,35,0.1757,0.0014426646573894863,0.0597,0.5599,included,
lung,TCGA_LUAD,HATADA_METHYLATED_IN_LUNG_CANCER_UP,377,373,-0.2103,3.49911552471793e-05,1.2927,0.7041,included,
lung,TCGA_LUAD,HEBERT_MATRISOME_TNBC_BONE_BRAIN_LIVER_LUNG_METASTASTASES,13,,,,,,excluded,set size 13 outside 15 to 1000
lung,TCGA_LUAD,HEBERT_MATRISOME_TNBC_BONE_BRAIN_LUNG_LIVER_METASTASTASES_TUMOR_CELL_DERIVED,7,,,,,,excluded,set size 7 outside 15 to 1000
lung,TCGA_LUAD,HEBERT_MATRISOME_TNBC_LUNG_METASTASIS,23,23,-0.3438,0.00014159577907294326,1.2424,0.4311,included,
lung,TCGA_LUAD,HEBERT_MATRISOME_TNBC_LUNG_METASTASIS_TUMOR_CELL_DERIVED,6,,,,,,excluded,set size 6 outside 15 to 1000
lung,TCGA_LUAD,INAMURA_LUNG_CANCER_SCC_DN,13,,,,,,excluded,set size 13 outside 15 to 1000
lung,TCGA_LUAD,INAMURA_LUNG_CANCER_SCC_SUBTYPES_UP,14,,,,,,excluded,set size 14 outside 15 to 1000
lung,TCGA_LUAD,INAMURA_LUNG_CANCER_SCC_UP,13,,,,,,excluded,set size 13 outside 15 to 1000
lung,TCGA_LUAD,LANDEMAINE_LUNG_METASTASIS,21,21,0.5005,7.318824535224064e-10,0.4853,0.5526,included,
lung,TCGA_LUAD,LI_AMPLIFIED_IN_LUNG_CANCER,183,182,0.8313,3.892994595580846e-11,0.8298,0.7844,included,
lung,TCGA_LUAD,LI_LUNG_CANCER,41,40,0.3387,2.908129988895031e-07,0.3791,0.5867,included,
lung,TCGA_LUAD,LOCKWOOD_AMPLIFIED_IN_LUNG_CANCER,215,213,0.3529,6.975555861136655e-06,0.4333,0.5656,included,
lung,TCGA_LUAD,MCCLUNG_COCAINE_REWARD_5D,75,74,-0.2043,0.00032274993667746703,1.3288,0.6328,included,
lung,TCGA_LUAD,MCCLUNG_COCAIN_REWARD_4WK,74,74,-0.1098,0.04878938916963894,1.1628,0.193,included,
lung,TCGA_LUAD,MCCLUNG_CREB1_TARGETS_DN,56,55,-0.3933,8.987389313509483e-08,1.2246,0.9828,included,
lung,TCGA_LUAD,MCCLUNG_CREB1_TARGETS_UP,101,100,-0.0967,0.027074615955331192,3.1134,1.9377,included,
lung,TCGA_LUAD,MCCLUNG_DELTA_FOSB_TARGETS_2WK,49,49,0.0339,0.7072857632165697,,,excluded,no unadjusted paired effect (two-sided Wilcoxon P >= 0.05)
lung,TCGA_LUAD,MCCLUNG_DELTA_FOSB_TARGETS_8WK,49,49,-0.168,0.015542555286149468,1.5763,0.5393,included,
lung,TCGA_LUAD,MCDOWELL_ACUTE_LUNG_INJURY_DN,47,46,-0.6838,9.389072770085713e-11,0.7018,0.4265,included,
lung,TCGA_LUAD,MCDOWELL_ACUTE_LUNG_INJURY_UP,46,46,-0.0773,0.2027994523572637,,,excluded,no unadjusted paired effect (two-sided Wilcoxon P >= 0.05)
lung,TCGA_LUAD,NAKAMURA_ALVEOLAR_EPITHELIUM,5,,,,,,excluded,set size 5 outside 15 to 1000
lung,TCGA_LUAD,NAKAMURA_LUNG_CANCER,9,,,,,,excluded,set size 9 outside 15 to 1000
lung,TCGA_LUAD,NAKAMURA_LUNG_CANCER_DIFFERENTIATION_MARKERS,13,,,,,,excluded,set size 13 outside 15 to 1000
lung,TCGA_LUAD,REN_ALVEOLAR_RHABDOMYOSARCOMA_DN,404,404,-0.0239,0.6450355930199204,,,excluded,no unadjusted paired effect (two-sided Wilcoxon P >= 0.05)
lung,TCGA_LUAD,REN_ALVEOLAR_RHABDOMYOSARCOMA_UP,97,96,-0.3472,5.802247529210362e-07,1.1884,0.8376,included,
lung,TCGA_LUAD,SHEDDEN_LUNG_CANCER_GOOD_SURVIVAL_A12,319,310,0.1225,0.0013310336840449651,0.3966,1.4242,included,
lung,TCGA_LUAD,SHEDDEN_LUNG_CANCER_GOOD_SURVIVAL_A4,196,195,-0.477,3.569439365376649e-07,0.352,0.448,included,
lung,TCGA_LUAD,SHEDDEN_LUNG_CANCER_GOOD_SURVIVAL_A5,68,68,-0.1809,0.04790954183315659,0.998,0.4092,included,
lung,TCGA_LUAD,SHEDDEN_LUNG_CANCER_POOR_SURVIVAL_A6,461,461,0.8666,2.721165565533036e-10,0.1781,0.2849,included,
lung,TCGA_LUAD,SMID_BREAST_CANCER_RELAPSE_IN_LUNG_DN,38,38,-0.3745,5.358061656374043e-08,0.8594,0.6035,included,
lung,TCGA_LUAD,SMID_BREAST_CANCER_RELAPSE_IN_LUNG_UP,22,22,0.4268,3.7270010094407907e-06,0.4386,0.1338,included,
lung,TCGA_LUAD,SPIRA_SMOKERS_LUNG_CANCER_DN,14,,,,,,excluded,set size 14 outside 15 to 1000
lung,TCGA_LUAD,SPIRA_SMOKERS_LUNG_CANCER_UP,39,39,-0.1034,0.06369734688846718,,,excluded,no unadjusted paired effect (two-sided Wilcoxon P >= 0.05)
lung,TCGA_LUAD,STEARMAN_LUNG_CANCER_EARLY_VS_LATE_DN,63,63,-0.1658,0.00031328107926265205,0.3075,0.6627,included,
lung,TCGA_LUAD,STEARMAN_LUNG_CANCER_EARLY_VS_LATE_UP,127,127,-0.1621,0.021698409147981424,2.0887,1.1496,included,
lung,TCGA_LUAD,SWEET_LUNG_CANCER_KRAS_DN,420,420,-0.6499,2.461650131626648e-10,1.0563,0.7461,included,
lung,TCGA_LUAD,SWEET_LUNG_CANCER_KRAS_UP,484,479,0.0706,0.09676695322126239,,,excluded,no unadjusted paired effect (two-sided Wilcoxon P >= 0.05)
lung,TCGA_LUAD,TOMIDA_LUNG_CANCER_POOR_SURVIVAL,5,,,,,,excluded,set size 5 outside 15 to 1000
lung,TCGA_LUAD,TSUDA_ALVEOLAR_SOFT_PART_SARCOMA,10,,,,,,excluded,set size 10 outside 15 to 1000
lung,TCGA_LUAD,WIKMAN_ASBESTOS_LUNG_CANCER_DN,30,30,-0.204,0.008007481496040393,1.1288,0.1235,included,
lung,TCGA_LUAD,WIKMAN_ASBESTOS_LUNG_CANCER_UP,15,15,-0.2862,3.870821421750342e-05,0.8146,0.6123,included,
lung,TCGA_LUAD,YANAGISAWA_LUNG_CANCER_RECURRENCE,9,,,,,,excluded,set size 9 outside 15 to 1000
lung,TCGA_LUAD,ZHONG_SECRETOME_OF_LUNG_CANCER_AND_ENDOTHELIUM,67,67,0.2329,6.363144643046134e-05,0.3237,0.7234,included,
lung,TCGA_LUAD,ZHONG_SECRETOME_OF_LUNG_CANCER_AND_FIBROBLAST,131,130,0.2378,7.989117541711779e-05,0.3979,0.7571,included,
lung,TCGA_LUAD,ZHONG_SECRETOME_OF_LUNG_CANCER_AND_MACROPHAGE,76,75,0.3055,3.7181047247610505e-07,0.642,0.8705,included,
kidney,TCGA_KIRC,ABDULRAHMAN_KIDNEY_CANCER_VHL_DN,13,,,,,,excluded,set size 13 outside 15 to 1000
kidney,TCGA_KIRC,FLECHNER_BIOPSY_KIDNEY_TRANSPLANT_OK_VS_DONOR_DN,24,24,0.345,6.929582416243397e-05,0.6661,0.6916,included,
kidney,TCGA_KIRC,FLECHNER_BIOPSY_KIDNEY_TRANSPLANT_OK_VS_DONOR_UP,561,557,0.2021,0.01899200423713992,0.7758,1.4848,included,
kidney,TCGA_KIRC,FLECHNER_BIOPSY_KIDNEY_TRANSPLANT_REJECTED_VS_OK_DN,552,547,-0.3241,1.0299365403762655e-05,0.058,0.4394,included,
kidney,TCGA_KIRC,FLECHNER_BIOPSY_KIDNEY_TRANSPLANT_REJECTED_VS_OK_UP,88,88,1.1827,9.086095881838163e-13,0.8095,0.1893,included,
kidney,TCGA_KIRC,FLECHNER_PBL_KIDNEY_TRANSPLANT_OK_VS_DONOR_DN,42,42,0.3594,0.0007598625459485163,0.5022,1.0493,included,
kidney,TCGA_KIRC,FLECHNER_PBL_KIDNEY_TRANSPLANT_OK_VS_DONOR_UP,152,151,0.4868,2.866617952175261e-06,0.6142,0.4665,included,
kidney,TCGA_KIRC,FLECHNER_PBL_KIDNEY_TRANSPLANT_REJECTED_VS_OK_DN,51,51,0.4773,2.0595383344029605e-06,0.7839,0.2273,included,
kidney,TCGA_KIRC,FLECHNER_PBL_KIDNEY_TRANSPLANT_REJECTED_VS_OK_UP,65,65,0.4265,7.794502508183921e-05,0.5311,0.692,included,
kidney,TCGA_KIRC,LI_WILMS_TUMOR_VS_FETAL_KIDNEY_1_DN,164,164,0.6511,4.076602277189357e-09,0.5426,0.2767,included,
kidney,TCGA_KIRC,LI_WILMS_TUMOR_VS_FETAL_KIDNEY_1_UP,183,183,-0.0928,0.39056725212988164,,,excluded,no unadjusted paired effect (two-sided Wilcoxon P >= 0.05)
kidney,TCGA_KIRC,LI_WILMS_TUMOR_VS_FETAL_KIDNEY_2_DN,48,48,0.124,0.050173595318613776,,,excluded,no unadjusted paired effect (two-sided Wilcoxon P >= 0.05)
kidney,TCGA_KIRC,LI_WILMS_TUMOR_VS_FETAL_KIDNEY_2_UP,27,27,0.2988,0.0007295152015337355,0.165,1.7845,included,
kidney,TCGA_KIRC,RODWELL_AGING_KIDNEY_DN,148,143,-0.7099,4.988017141581901e-11,0.8737,0.9069,included,
kidney,TCGA_KIRC,RODWELL_AGING_KIDNEY_NO_BLOOD_DN,148,144,-0.7265,4.625515853946965e-11,0.8481,0.8532,included,
kidney,TCGA_KIRC,RODWELL_AGING_KIDNEY_NO_BLOOD_UP,223,223,0.5655,8.252938896239018e-09,0.6798,0.4002,included,
kidney,TCGA_KIRC,RODWELL_AGING_KIDNEY_UP,500,493,0.9196,4.724850797127551e-12,0.7921,0.0545,included,
kidney,TCGA_KIRC,SU_KIDNEY,15,15,-0.6217,2.2448799291044376e-11,0.0248,0.056,included,
