signature,n_genes,unadjusted_mean_delta,retention_identity_D1,retention_composition_C1,retention_joint,ci95_lo,ci95_hi,joint_intercept,sign_reverses,ratio_unstable
ACEVEDO_LIVER_CANCER_UP,972,1.0074,0.977,0.9235,0.9741,0.8673,1.1243,+0.9813,0,0
ACEVEDO_LIVER_CANCER_WITH_H3K27ME3_DN,222,0.6002,0.9201,0.9094,0.9171,0.7749,1.0993,+0.5504,0,0
ACEVEDO_LIVER_CANCER_WITH_H3K27ME3_UP,290,0.2684,0.548,0.5879,0.5353,0.2383,1.0201,+0.1437,0,0
ACEVEDO_LIVER_CANCER_WITH_H3K9ME3_DN,119,0.7797,0.9715,0.9218,0.9684,0.857,1.1191,+0.7550,0,0
ACEVEDO_LIVER_CANCER_WITH_H3K9ME3_UP,137,0.3245,0.64,0.6983,0.6311,0.3608,1.0852,+0.2048,0,0
ACEVEDO_LIVER_TUMOR_VS_NORMAL_ADJACENT_TISSUE_DN,274,-0.267,0.8366,1.1253,0.8441,0.5641,1.0561,-0.2254,0,0
ACEVEDO_LIVER_TUMOR_VS_NORMAL_ADJACENT_TISSUE_UP,863,1.1048,0.9878,0.9379,0.9853,0.8855,1.1121,+1.0885,0,0
ACEVEDO_METHYLATED_IN_LIVER_CANCER_DN,876,0.3939,0.7771,0.7848,0.7703,0.5728,1.1033,+0.3034,0,0
ACEVEDO_NORMAL_TISSUE_ADJACENT_TO_LIVER_TUMOR_DN,354,0.4325,1.1555,0.956,1.1518,1.0278,1.372,+0.4982,0,0
ACEVEDO_NORMAL_TISSUE_ADJACENT_TO_LIVER_TUMOR_UP,173,0.634,0.9993,0.9055,0.9954,0.8572,1.2127,+0.6311,0,0
ANDERSEN_LIVER_CANCER_KRT19_DN,75,-0.3243,0.074,0.7474,0.0737,0.005,0.3679,-0.0239,0,0
ANDERSEN_LIVER_CANCER_KRT19_UP,35,1.0628,0.8617,0.8721,0.8577,0.6874,1.0402,+0.9116,0,0
BORLAK_LIVER_CANCER_EGF_UP,54,0.3928,0.7372,0.7034,0.7273,0.4513,1.1422,+0.2857,0,0
BOYAULT_LIVER_CANCER_SUBCLASS_G123_DN,51,-0.6733,0.5771,0.8718,0.5764,0.3933,0.6856,-0.3881,0,0
BOYAULT_LIVER_CANCER_SUBCLASS_G123_UP,47,1.265,0.9841,0.937,0.9815,0.8706,1.1063,+1.2416,0,0
BOYAULT_LIVER_CANCER_SUBCLASS_G12_DN,15,-0.4941,0.428,0.8158,0.4266,0.0638,0.6282,-0.2108,0,0
BOYAULT_LIVER_CANCER_SUBCLASS_G12_UP,39,1.1987,0.9943,0.9424,0.9918,0.8841,1.1309,+1.1889,0,0
BOYAULT_LIVER_CANCER_SUBCLASS_G1_UP,116,0.9583,0.9083,0.8898,0.9047,0.7364,1.1034,+0.8669,0,0
BOYAULT_LIVER_CANCER_SUBCLASS_G2,28,0.85,0.9689,0.9178,0.9657,0.841,1.1739,+0.8208,0,0
BOYAULT_LIVER_CANCER_SUBCLASS_G23_UP,53,1.2467,0.9936,0.9541,0.9917,0.8949,1.1,+1.2363,0,0
BOYAULT_LIVER_CANCER_SUBCLASS_G3_DN,52,-0.2506,0.1512,0.7792,0.1476,0.0084,1.78,+0.0370,1,0
BOYAULT_LIVER_CANCER_SUBCLASS_G3_UP,189,1.2284,0.9592,0.9338,0.9568,0.8473,1.0769,+1.1753,0,0
BOYAULT_LIVER_CANCER_SUBCLASS_G56_DN,17,-0.255,1.3535,1.5452,1.3731,0.7406,4.1828,-0.3502,0,0
BOYAULT_LIVER_CANCER_SUBCLASS_G6_UP,66,0.8134,1.027,0.9962,1.0265,0.9082,1.1308,+0.8350,0,0
BREUHAHN_GROWTH_FACTOR_SIGNALING_IN_LIVER_CANCER,15,0.4329,0.7782,0.7032,0.7678,0.482,1.225,+0.3324,0,0
CAIRO_HEPATOBLASTOMA_CLASSES_UP,609,1.1694,0.9675,0.9312,0.9649,0.8443,1.0928,+1.1284,0,0
CAIRO_HEPATOBLASTOMA_DN,267,-0.7654,0.7371,0.9562,0.7382,0.6085,0.8035,-0.5650,0,0
CAIRO_HEPATOBLASTOMA_POOR_SURVIVAL,16,0.238,1.6519,1.0835,1.6481,1.1616,3.024,+0.3923,0,0
CAIRO_HEPATOBLASTOMA_UP,213,1.0553,0.933,0.9206,0.9304,0.8193,1.0593,+0.9818,0,0
CAIRO_LIVER_DEVELOPMENT_UP,166,0.5525,0.7493,0.7582,0.7417,0.5497,1.0535,+0.4098,0,0
CARRILLOREIXACH_HEPATOBLASTOMA_VS_NORMAL_HYPERMETHYLATED_AND_DN,21,-0.4362,0.7141,0.9701,0.7161,0.4696,0.8147,-0.3124,0,0
CARRILLOREIXACH_HEPATOBLASTOMA_VS_NORMAL_HYPOMETHYLATED_AND_UP,162,0.9742,0.8593,0.8641,0.8551,0.7346,1.0101,+0.8331,0,0
CARRILLOREIXACH_HEPATOBLASTOMA_VS_NORMAL_UP,891,0.9762,0.8493,0.8798,0.8458,0.7215,0.9938,+0.8257,0,0
CARRILLOREIXACH_MRS3_VS_LOWER_RISK_HEPATOBLASTOMA_UP,51,0.6733,1.1326,1.0031,1.1313,0.97,1.3381,+0.7617,0,0
CAVARD_LIVER_CANCER_MALIGNANT_VS_BENIGN,32,0.4099,1.1923,0.9457,1.1877,0.8788,1.5547,+0.4868,0,0
CHEN_LIVER_METABOLISM_QTL_CIS,95,0.6209,1.0553,0.9258,1.0515,0.9338,1.2525,+0.6529,0,0
CHIANG_LIVER_CANCER_SUBCLASS_INTERFERON_DN,52,0.457,1.0431,1.0074,1.0431,0.9002,1.2304,+0.4767,0,0
CHIANG_LIVER_CANCER_SUBCLASS_INTERFERON_UP,26,-0.2782,0.911,1.3079,0.9254,0.5762,1.5712,-0.2574,0,0
CHIANG_LIVER_CANCER_SUBCLASS_POLYSOMY7_DN,25,0.6916,0.8954,0.8656,0.8909,0.7077,1.0648,+0.6162,0,0
CHIANG_LIVER_CANCER_SUBCLASS_PROLIFERATION_DN,179,-0.55,0.3525,0.8081,0.3518,0.0713,0.5085,-0.1935,0,0
CHIANG_LIVER_CANCER_SUBCLASS_PROLIFERATION_UP,179,1.0438,0.908,0.8867,0.9042,0.7592,1.0634,+0.9438,0,0
CHIANG_LIVER_CANCER_SUBCLASS_UNANNOTATED_DN,194,1.0695,0.981,0.9302,0.9782,0.8349,1.1232,+1.0462,0,0
CHIANG_LIVER_CANCER_SUBCLASS_UNANNOTATED_UP,86,-0.1545,0.1094,0.9982,0.1191,0.0148,5.3742,-0.0184,0,0
DESERT_EXTRACELLULAR_MATRIX_HEPATOCELLULAR_CARCINOMA_SUBCLASS_UP,22,0.4264,0.8258,0.7311,0.8162,0.5777,1.1133,+0.3480,0,0
DESERT_PERIPORTAL_HEPATOCELLULAR_CARCINOMA_SUBCLASS_UP,159,-0.7056,0.5961,0.9087,0.5969,0.4349,0.6865,-0.4212,0,0
DESERT_PERIVENOUS_HEPATOCELLULAR_CARCINOMA_SUBCLASS_UP,155,0.7093,1.0923,0.9869,1.0907,0.979,1.2136,+0.7736,0,0
DESERT_STEM_CELL_HEPATOCELLULAR_CARCINOMA_SUBCLASS_UP,242,1.015,0.8805,0.874,0.8764,0.7404,1.037,+0.8896,0,0
HOSHIDA_LIVER_CANCER_LATE_RECURRENCE_DN,70,0.1553,1.1579,0.7902,1.147,0.7641,2.3434,+0.1781,0,0
HOSHIDA_LIVER_CANCER_LATE_RECURRENCE_UP,62,0.5383,0.6855,0.6857,0.6755,0.453,1.049,+0.3636,0,0
HOSHIDA_LIVER_CANCER_SUBCLASS_S1,235,0.6236,0.6087,0.6557,0.5983,0.4111,0.9285,+0.3731,0,0
HOSHIDA_LIVER_CANCER_SUBCLASS_S2,115,0.9047,1.0273,0.9433,1.0245,0.8804,1.1916,+0.9269,0,0
HOSHIDA_LIVER_CANCER_SUBCLASS_S3,266,-0.1929,0.1794,0.7714,0.1757,0.0097,1.9002,+0.0339,1,0
HOSHIDA_LIVER_CANCER_SURVIVAL_DN,113,0.2112,1.6116,0.9955,1.6045,1.2701,2.9356,+0.3388,0,0
HOSHIDA_LIVER_CANCER_SURVIVAL_UP,73,0.4674,0.6299,0.6316,0.6184,0.3991,1.0333,+0.2890,0,0
HSIAO_LIVER_SPECIFIC_GENES,247,-0.4877,0.2483,0.8083,0.2487,0.1235,0.3519,-0.1213,0,0
IIZUKA_LIVER_CANCER_PROGRESSION_G1_G2_DN,25,0.9946,0.9889,0.9212,0.9856,0.8564,1.1488,+0.9803,0,0
IIZUKA_LIVER_CANCER_PROGRESSION_L0_L1_DN,17,0.8169,0.7193,0.7882,0.7134,0.5632,0.926,+0.5828,0,0
IIZUKA_LIVER_CANCER_PROGRESSION_L0_L1_UP,15,0.6129,0.9874,0.9071,0.9835,0.8194,1.2434,+0.6028,0,0
IIZUKA_LIVER_CANCER_PROGRESSION_L1_G1_UP,20,-0.6027,0.8785,1.0351,0.8813,0.7033,1.0085,-0.5312,0,0
KAPOSI_LIVER_CANCER_MET_UP,18,1.0677,0.8014,0.8473,0.7971,0.6469,0.987,+0.8511,0,0
KIM_LIVER_CANCER_POOR_SURVIVAL_DN,43,-0.3481,0.1641,0.6332,0.1664,0.0074,1.1068,+0.0579,1,0
KIM_LIVER_CANCER_POOR_SURVIVAL_UP,22,0.5133,0.4997,0.6098,0.4886,0.1728,0.9043,+0.2508,0,0
LEE_LIVER_CANCER_ACOX1_UP,65,0.3447,0.802,0.7493,0.7933,0.5752,1.089,+0.2735,0,0
LEE_LIVER_CANCER_CIPROFIBRATE_UP,60,0.2319,0.9343,0.7433,0.924,0.6514,1.4206,+0.2143,0,0
LEE_LIVER_CANCER_DENA_DN,74,-0.1866,0.0584,0.7396,0.0573,0.0098,1.2539,+0.0107,1,0
LEE_LIVER_CANCER_DENA_UP,60,0.5197,0.7589,0.7506,0.7508,0.5698,1.0092,+0.3902,0,0
LEE_LIVER_CANCER_E2F1_UP,63,0.4447,0.895,0.7961,0.8874,0.7137,1.1524,+0.3946,0,0
LEE_LIVER_CANCER_MYC_E2F1_DN,64,-0.2083,0.0144,0.7908,0.0115,0.0055,0.8034,+0.0024,1,0
LEE_LIVER_CANCER_MYC_E2F1_UP,56,0.5153,0.8783,0.8103,0.8715,0.7089,1.1055,+0.4491,0,0
LEE_LIVER_CANCER_MYC_TGFA_DN,65,-0.147,0.3171,0.7709,0.3116,0.0179,2.8683,+0.0458,1,0
LEE_LIVER_CANCER_MYC_TGFA_UP,61,0.4057,0.8523,0.7803,0.8444,0.6161,1.1699,+0.3426,0,0
LEE_LIVER_CANCER_MYC_UP,54,0.525,0.9902,0.886,0.9854,0.817,1.2091,+0.5173,0,0
LEE_LIVER_CANCER_SURVIVAL_DN,180,1.0053,0.8857,0.8781,0.8817,0.7255,1.063,+0.8864,0,0
LIU_LIVER_CANCER,35,0.5413,0.9456,0.8746,0.9408,0.8115,1.1357,+0.5092,0,0
MARTORIATI_MDM4_TARGETS_FETAL_LIVER_DN,516,0.6711,0.9411,0.8653,0.9361,0.7764,1.1938,+0.6282,0,0
MARTORIATI_MDM4_TARGETS_FETAL_LIVER_UP,239,0.6726,0.8795,0.867,0.8752,0.738,1.0797,+0.5886,0,0
MIDORIKAWA_AMPLIFIED_IN_LIVER_CANCER,55,0.7242,0.8659,0.8593,0.8613,0.6896,1.1236,+0.6238,0,0
MINGUEZ_LIVER_CANCER_VASCULAR_INVASION_DN,21,-0.7764,0.5782,0.878,0.5778,0.3587,0.7075,-0.4486,0,0
NABA_MATRISOME_METASTATIC_COLORECTAL_LIVER_METASTASIS,30,0.345,0.5344,0.5217,0.5194,0.2285,1.0803,+0.1792,0,0
OHGUCHI_LIVER_HNF4A_TARGETS_DN,170,-0.242,0.0384,0.7955,0.0409,0.0042,0.54,-0.0099,0,0
PATIL_LIVER_CANCER,660,1.225,0.9707,0.9395,0.9685,0.8754,1.0813,+1.1864,0,0
ROESSLER_LIVER_CANCER_METASTASIS_DN,51,0.757,0.8806,0.8503,0.8756,0.7019,1.1406,+0.6628,0,0
ROESSLER_LIVER_CANCER_METASTASIS_UP,106,0.6273,0.8464,0.8341,0.841,0.6713,1.0818,+0.5275,0,0
SAKAI_CHRONIC_HEPATITIS_VS_LIVER_CANCER_DN,36,0.3234,0.6252,0.6289,0.6135,0.3503,1.1263,+0.1984,0,0
SAKAI_CHRONIC_HEPATITIS_VS_LIVER_CANCER_UP,82,0.828,0.9711,0.8849,0.9665,0.8193,1.1868,+0.8003,0,0
SERVITJA_LIVER_HNF1A_TARGETS_UP,138,0.4791,1.0007,0.888,0.9959,0.8656,1.1897,+0.4771,0,0
SHETH_LIVER_CANCER_VS_TXNIP_LOSS_PAM1,260,0.7225,0.8731,0.8591,0.8685,0.7177,1.0668,+0.6275,0,0
SHETH_LIVER_CANCER_VS_TXNIP_LOSS_PAM2,168,0.6166,0.8581,0.828,0.8523,0.6963,1.0833,+0.5255,0,0
SHETH_LIVER_CANCER_VS_TXNIP_LOSS_PAM3,75,0.4926,0.8668,0.817,0.8605,0.6857,1.1311,+0.4239,0,0
SHETH_LIVER_CANCER_VS_TXNIP_LOSS_PAM4,288,0.1239,1.4879,0.7415,1.4709,1.0182,4.3412,+0.1823,0,0
SHETH_LIVER_CANCER_VS_TXNIP_LOSS_PAM5,111,0.4333,0.7828,0.7648,0.7752,0.5646,1.1172,+0.3359,0,0
SHETH_LIVER_CANCER_VS_TXNIP_LOSS_PAM6,55,0.6459,0.8965,0.8452,0.8909,0.7177,1.1608,+0.5754,0,0
SMITH_LIVER_CANCER,47,0.9414,1.1357,1.0033,1.1343,1.041,1.2673,+1.0679,0,0
SU_LIVER,58,-0.5547,0.3418,0.8206,0.3416,0.2001,0.4717,-0.1895,0,0
VILLANUEVA_LIVER_CANCER_KRT19_UP,175,1.0788,0.943,0.9135,0.9399,0.8163,1.1032,+1.0140,0,0
WANG_RECURRENT_LIVER_CANCER_UP,20,1.0899,0.9217,0.9242,0.9194,0.749,1.0802,+1.0020,0,0
WENG_POR_TARGETS_LIVER_DN,23,-0.2778,0.5319,0.939,0.5348,0.176,0.6949,-0.1486,0,0
WENG_POR_TARGETS_LIVER_UP,44,0.1504,1.8986,1.1186,1.8933,1.3448,5.8734,+0.2847,0,0
WOO_LIVER_CANCER_RECURRENCE_DN,78,-0.3691,0.0601,0.7004,0.058,0.007,0.5166,-0.0214,0,0
WOO_LIVER_CANCER_RECURRENCE_UP,105,0.5704,0.533,0.6326,0.5225,0.2966,0.8544,+0.2980,0,0
YAMASHITA_LIVER_CANCER_STEM_CELL_DN,76,-0.2835,0.2197,0.8814,0.224,0.0104,0.4806,-0.0635,0,0
YAMASHITA_LIVER_CANCER_STEM_CELL_UP,47,0.5388,0.9024,0.8315,0.8962,0.6755,1.2046,+0.4829,0,0
YAMASHITA_LIVER_CANCER_WITH_EPCAM_UP,53,0.8919,0.8943,0.8913,0.8909,0.7194,1.061,+0.7946,0,0
