signature,n_genes_on_platform,unadjusted_mean_delta,retention_joint_D1,retention_joint_quadratic,retention_random_matched_median,retention_random_matched_p2_5,retention_random_matched_p97_5
ACEVEDO_LIVER_CANCER_DN,433,-0.5882,0.6311,0.5877,0.4318,0.3328,0.5304
ACEVEDO_LIVER_CANCER_UP,779,0.6297,1.0305,1.02,1.1964,1.1355,1.2572
ACEVEDO_LIVER_CANCER_WITH_H3K27ME3_DN,127,0.0312,0.8141,0.8344,0.5047,0.0473,0.9879
ACEVEDO_LIVER_CANCER_WITH_H3K27ME3_UP,197,-0.13,1.8271,1.8277,2.4321,2.2356,2.6773
ACEVEDO_LIVER_CANCER_WITH_H3K9ME3_DN,77,0.3137,0.7591,0.714,0.5253,0.4383,0.5963
ACEVEDO_LIVER_CANCER_WITH_H3K9ME3_UP,80,-0.1289,1.7457,1.8298,2.3572,2.1546,2.5682
ACEVEDO_LIVER_TUMOR_VS_NORMAL_ADJACENT_TISSUE_DN,231,-0.74,0.7579,0.7284,0.6571,0.5817,0.7228
ACEVEDO_LIVER_TUMOR_VS_NORMAL_ADJACENT_TISSUE_UP,684,0.7844,1.0045,0.9918,1.1369,1.0842,1.187
ACEVEDO_METHYLATED_IN_LIVER_CANCER_DN,506,-0.1397,1.4267,1.4079,1.79,1.6692,1.9196
ACEVEDO_NORMAL_TISSUE_ADJACENT_TO_LIVER_TUMOR_DN,286,-0.0432,2.1323,2.525,5.3988,4.3742,6.5247
ACEVEDO_NORMAL_TISSUE_ADJACENT_TO_LIVER_TUMOR_UP,143,0.1886,1.5064,1.535,2.034,1.8647,2.246
ANDERSEN_LIVER_CANCER_KRT19_DN,64,-0.8406,0.4216,0.3601,0.2105,0.1108,0.3278
ANDERSEN_LIVER_CANCER_KRT19_UP,30,0.8311,0.7836,0.7333,0.8162,0.7203,0.9233
BORLAK_LIVER_CANCER_EGF_UP,52,0.2251,0.9529,0.8715,1.0678,0.9557,1.1822
BOYAULT_LIVER_CANCER_SUBCLASS_G123_DN,51,-1.2683,0.6413,0.5867,0.4956,0.4291,0.5739
BOYAULT_LIVER_CANCER_SUBCLASS_G123_UP,43,1.3783,0.8807,0.8349,0.851,0.8069,0.897
BOYAULT_LIVER_CANCER_SUBCLASS_G12_DN,14,-1.1115,0.6422,0.5779,0.4591,0.3744,0.5658
BOYAULT_LIVER_CANCER_SUBCLASS_G12_UP,38,1.0202,1.0185,0.9784,1.0316,0.9731,1.1183
BOYAULT_LIVER_CANCER_SUBCLASS_G1_DN,37,-0.6103,0.5904,0.4893,0.1079,0.0088,0.2945
BOYAULT_LIVER_CANCER_SUBCLASS_G1_UP,112,0.7349,0.8684,0.8149,0.7834,0.6939,0.9197
BOYAULT_LIVER_CANCER_SUBCLASS_G2,28,0.7167,0.9057,0.8545,0.943,0.8654,1.0251
BOYAULT_LIVER_CANCER_SUBCLASS_G23_UP,52,1.1924,0.837,0.8061,0.8361,0.7788,0.8822
BOYAULT_LIVER_CANCER_SUBCLASS_G3_DN,51,-0.8871,0.4165,0.3736,0.2553,0.1485,0.3748
BOYAULT_LIVER_CANCER_SUBCLASS_G3_UP,182,1.1102,0.8503,0.8211,0.9018,0.8416,0.9574
BOYAULT_LIVER_CANCER_SUBCLASS_G56_DN,17,-0.3387,0.9322,0.974,0.7655,0.4944,0.953
BOYAULT_LIVER_CANCER_SUBCLASS_G5_DN,26,-0.1338,0.9645,0.9296,0.568,0.145,0.9278
BOYAULT_LIVER_CANCER_SUBCLASS_G6_DN,19,-0.3108,0.7229,0.7469,0.4781,0.1666,0.6846
BOYAULT_LIVER_CANCER_SUBCLASS_G6_UP,64,0.3443,1.3425,1.4748,1.8165,1.5657,1.9885
CAIRO_HEPATOBLASTOMA_CLASSES_DN,211,-0.6136,0.5803,0.513,0.3508,0.2564,0.4301
CAIRO_HEPATOBLASTOMA_CLASSES_UP,585,0.9262,0.8403,0.8083,0.8502,0.7874,0.9208
CAIRO_HEPATOBLASTOMA_DN,261,-1.1252,0.6784,0.6381,0.5537,0.491,0.6238
CAIRO_HEPATOBLASTOMA_POOR_SURVIVAL,16,-0.1198,0.4588,0.4588,0.3426,0.0434,0.7469
CAIRO_HEPATOBLASTOMA_UP,202,0.9178,0.9054,0.8753,0.8934,0.8448,0.9497
CAIRO_LIVER_DEVELOPMENT_DN,220,-0.4971,0.3209,0.2819,0.2158,0.1097,0.3442
CAIRO_LIVER_DEVELOPMENT_UP,166,0.1183,0.1697,0.0044,0.1292,0.0131,0.3707
CARRILLOREIXACH_HEPATOBLASTOMA_VS_NORMAL_HYPERMETHYLATED_AND_DN,15,-0.8432,0.6903,0.6441,0.5139,0.4359,0.59
CARRILLOREIXACH_HEPATOBLASTOMA_VS_NORMAL_HYPOMETHYLATED_AND_UP,140,0.5598,0.7358,0.6695,0.5894,0.5242,0.6616
CARRILLOREIXACH_HEPATOBLASTOMA_VS_NORMAL_UP,609,0.4634,0.5929,0.5352,0.3897,0.309,0.4779
CARRILLOREIXACH_MRS3_VS_LOWER_RISK_HEPATOBLASTOMA_DN,129,-0.2517,1.1775,1.1866,1.0431,0.8818,1.2247
CARRILLOREIXACH_MRS3_VS_LOWER_RISK_HEPATOBLASTOMA_UP,38,0.2866,1.3859,1.3552,1.3546,1.1009,1.7202
CAVARD_LIVER_CANCER_MALIGNANT_VS_BENIGN,28,0.1803,2.3453,2.3785,2.8937,2.6554,3.2193
CHEN_LIVER_METABOLISM_QTL_CIS,68,0.1833,1.531,1.5359,1.9318,1.7106,2.1343
CHIANG_LIVER_CANCER_SUBCLASS_CTNNB1_DN,138,-0.2899,0.7115,0.7487,0.7225,0.5829,0.8174
CHIANG_LIVER_CANCER_SUBCLASS_CTNNB1_UP,140,-0.2819,0.3426,0.1658,0.1018,0.0048,0.3203
CHIANG_LIVER_CANCER_SUBCLASS_INTERFERON_DN,31,-0.111,0.1545,0.2067,0.5155,0.0702,1.0244
CHIANG_LIVER_CANCER_SUBCLASS_INTERFERON_UP,24,-0.4021,0.3221,0.2854,0.2277,0.1176,0.3378
CHIANG_LIVER_CANCER_SUBCLASS_POLYSOMY7_DN,19,0.5375,0.7916,0.7702,0.8394,0.7175,0.9371
CHIANG_LIVER_CANCER_SUBCLASS_POLYSOMY7_UP,53,-0.5514,0.5996,0.5398,0.4244,0.3114,0.5271
CHIANG_LIVER_CANCER_SUBCLASS_PROLIFERATION_DN,155,-1.0598,0.5145,0.456,0.3602,0.2757,0.4656
CHIANG_LIVER_CANCER_SUBCLASS_PROLIFERATION_UP,141,0.9447,0.7075,0.6498,0.5695,0.5005,0.6547
CHIANG_LIVER_CANCER_SUBCLASS_UNANNOTATED_DN,157,0.8929,0.9556,0.9483,1.1075,1.0254,1.1748
CHIANG_LIVER_CANCER_SUBCLASS_UNANNOTATED_UP,66,-0.6868,0.5823,0.5422,0.4361,0.3345,0.5362
DESERT_EXTRACELLULAR_MATRIX_HEPATOCELLULAR_CARCINOMA_SUBCLASS_UP,22,0.2765,1.2901,1.2124,1.3931,1.2035,1.6308
DESERT_PERIPORTAL_HEPATOCELLULAR_CARCINOMA_SUBCLASS_UP,158,-1.0397,0.5774,0.5334,0.4697,0.3962,0.556
DESERT_PERIVENOUS_HEPATOCELLULAR_CARCINOMA_SUBCLASS_UP,155,0.3717,1.3935,1.4507,1.7956,1.6377,1.9518
DESERT_STEM_CELL_HEPATOCELLULAR_CARCINOMA_SUBCLASS_UP,235,0.9816,0.7598,0.7095,0.69,0.6306,0.7734
HOSHIDA_LIVER_CANCER_LATE_RECURRENCE_DN,70,-0.3736,0.8423,0.789,0.7747,0.7098,0.8349
HOSHIDA_LIVER_CANCER_LATE_RECURRENCE_UP,60,0.1678,0.9385,0.9606,1.1461,1.0034,1.3058
HOSHIDA_LIVER_CANCER_SUBCLASS_S1,232,0.2219,0.7197,0.6714,0.9284,0.7353,1.1173
HOSHIDA_LIVER_CANCER_SUBCLASS_S2,112,0.6457,0.9993,0.9546,1.0217,0.9388,1.1575
HOSHIDA_LIVER_CANCER_SUBCLASS_S3,256,-0.7596,0.4139,0.3503,0.1969,0.0977,0.3172
HOSHIDA_LIVER_CANCER_SURVIVAL_DN,112,-0.2932,0.2981,0.2063,0.0798,0.0036,0.2422
HOSHIDA_LIVER_CANCER_SURVIVAL_UP,72,0.0929,0.7117,0.5848,0.5271,0.2639,0.7824
HSIAO_LIVER_SPECIFIC_GENES,238,-0.8383,0.3188,0.278,0.2242,0.1127,0.3546
IIZUKA_LIVER_CANCER_PROGRESSION_G1_G2_DN,25,0.7124,1.0108,0.9882,1.1853,1.1003,1.2932
IIZUKA_LIVER_CANCER_PROGRESSION_G2_G3_UP,27,-0.4565,0.0041,0.0801,0.4085,0.1966,0.5868
IIZUKA_LIVER_CANCER_PROGRESSION_L0_L1_DN,17,0.2278,1.0206,1.1707,2.2049,1.8337,2.5553
IIZUKA_LIVER_CANCER_PROGRESSION_L1_G1_UP,20,-1.0137,0.7833,0.7519,0.6497,0.5767,0.7052
KAPOSI_LIVER_CANCER_MET_UP,17,0.7532,0.708,0.6663,0.7412,0.6613,0.8236
KIM_LIVER_CANCER_POOR_SURVIVAL_DN,43,-0.8086,0.259,0.2041,0.1303,0.0145,0.2871
KIM_LIVER_CANCER_POOR_SURVIVAL_UP,21,0.3916,0.4033,0.3356,0.4658,0.2703,0.6684
LEE_LIVER_CANCER_ACOX1_DN,64,-0.6232,0.4741,0.4254,0.3968,0.3041,0.5101
LEE_LIVER_CANCER_CIPROFIBRATE_DN,65,-0.5022,0.4994,0.4576,0.4396,0.3396,0.5495
LEE_LIVER_CANCER_CIPROFIBRATE_UP,57,-0.0557,0.2662,0.5446,1.0734,0.7576,1.4471
LEE_LIVER_CANCER_DENA_DN,73,-0.6636,0.5617,0.5113,0.5011,0.4126,0.6034
LEE_LIVER_CANCER_DENA_UP,59,0.2546,0.9128,0.902,0.9353,0.8458,1.0243
LEE_LIVER_CANCER_E2F1_DN,62,-0.4814,0.4288,0.375,0.2177,0.1279,0.3458
LEE_LIVER_CANCER_E2F1_UP,62,0.1591,1.3528,1.3128,1.8175,1.6672,1.9853
LEE_LIVER_CANCER_HEPATOBLAST,16,-0.2308,1.4833,1.5126,1.3797,1.1195,1.6508
LEE_LIVER_CANCER_MYC_DN,59,-0.4278,0.406,0.3792,0.2878,0.1807,0.411
LEE_LIVER_CANCER_MYC_E2F1_DN,63,-0.6441,0.4989,0.463,0.3829,0.2969,0.4887
LEE_LIVER_CANCER_MYC_E2F1_UP,55,0.3262,1.0955,1.0913,1.1996,1.133,1.2581
LEE_LIVER_CANCER_MYC_TGFA_DN,64,-0.5813,0.4792,0.4283,0.3287,0.245,0.4387
LEE_LIVER_CANCER_MYC_TGFA_UP,59,0.1142,0.8044,0.7074,1.2324,1.0397,1.4071
LEE_LIVER_CANCER_MYC_UP,54,0.3148,1.0828,1.0801,1.3008,1.1921,1.4004
LEE_LIVER_CANCER_SURVIVAL_DN,151,0.8898,0.7819,0.7396,0.7802,0.7109,0.8608
LEE_LIVER_CANCER_SURVIVAL_UP,159,-0.7202,0.3882,0.3207,0.1826,0.0757,0.3195
MARTORIATI_MDM4_TARGETS_FETAL_LIVER_DN,450,0.221,1.0733,1.0369,1.2144,1.1173,1.3792
MARTORIATI_MDM4_TARGETS_FETAL_LIVER_UP,176,0.1533,0.6654,0.6665,1.0163,0.8636,1.205
MIDORIKAWA_AMPLIFIED_IN_LIVER_CANCER,36,0.2792,0.9047,0.9043,1.0125,0.9242,1.1361
MINGUEZ_LIVER_CANCER_VASCULAR_INVASION_DN,18,-1.1282,0.5118,0.4613,0.3927,0.3047,0.491
NABA_MATRISOME_METASTATIC_COLORECTAL_LIVER_METASTASIS,26,-0.0943,0.891,1.0871,0.8056,0.5048,1.1008
OHGUCHI_LIVER_HNF4A_TARGETS_DN,126,-0.684,0.4753,0.4394,0.3916,0.3081,0.503
OHGUCHI_LIVER_HNF4A_TARGETS_UP,40,-0.4195,0.6665,0.569,0.5676,0.5058,0.6481
PATIL_LIVER_CANCER,550,0.9262,0.8926,0.8619,0.8861,0.8513,0.9295
ROESSLER_LIVER_CANCER_METASTASIS_DN,42,0.3329,0.8481,0.798,0.9032,0.8142,1.0066
ROESSLER_LIVER_CANCER_METASTASIS_UP,104,0.0559,0.2468,0.2832,0.1702,0.0073,0.4941
SAKAI_CHRONIC_HEPATITIS_VS_LIVER_CANCER_DN,33,-0.2568,1.1705,1.1541,1.5528,1.4412,1.6753
SAKAI_CHRONIC_HEPATITIS_VS_LIVER_CANCER_UP,78,0.4979,1.0333,1.0342,1.2652,1.1741,1.3808
SERVITJA_LIVER_HNF1A_TARGETS_DN,137,-0.4761,0.5311,0.4902,0.4608,0.3819,0.5646
SERVITJA_LIVER_HNF1A_TARGETS_UP,111,0.1775,0.9513,0.9896,1.1193,0.9849,1.2128
SHETH_LIVER_CANCER_VS_TXNIP_LOSS_PAM1,206,0.3175,0.7752,0.7338,0.8048,0.7253,0.8773
SHETH_LIVER_CANCER_VS_TXNIP_LOSS_PAM2,139,0.2649,0.8413,0.7986,0.8039,0.7183,0.8771
SHETH_LIVER_CANCER_VS_TXNIP_LOSS_PAM3,65,0.2273,0.9179,0.8598,0.8259,0.7413,0.902
SHETH_LIVER_CANCER_VS_TXNIP_LOSS_PAM4,240,-0.4215,0.5947,0.5379,0.4279,0.3551,0.5163
SHETH_LIVER_CANCER_VS_TXNIP_LOSS_PAM6,45,0.1038,0.6267,0.6103,0.5472,0.3401,0.6931
SMITH_LIVER_CANCER,46,0.7102,1.1624,1.1661,1.3371,1.2878,1.3934
SU_LIVER,57,-0.9451,0.4346,0.3938,0.3593,0.2588,0.4715
VILLANUEVA_LIVER_CANCER_KRT19_DN,51,-0.7729,0.5326,0.4608,0.2776,0.1913,0.3854
VILLANUEVA_LIVER_CANCER_KRT19_UP,138,0.777,0.7174,0.6696,0.5569,0.4852,0.6434
WANG_RECURRENT_LIVER_CANCER_DN,14,-0.5923,0.2682,0.2101,0.0465,0.0017,0.1676
WANG_RECURRENT_LIVER_CANCER_UP,18,0.6991,0.8942,0.8812,0.9932,0.9228,1.0617
WENG_POR_TARGETS_LIVER_DN,21,-0.6226,0.627,0.5638,0.4936,0.4119,0.5908
WOO_LIVER_CANCER_RECURRENCE_DN,78,-0.9234,0.4517,0.3925,0.2897,0.1903,0.4068
WOO_LIVER_CANCER_RECURRENCE_UP,103,0.1949,0.0613,0.0926,0.1185,0.0081,0.3354
YAMASHITA_LIVER_CANCER_STEM_CELL_DN,71,-0.6838,0.4232,0.3602,0.2814,0.1814,0.3988
YAMASHITA_LIVER_CANCER_STEM_CELL_UP,45,0.1662,0.7929,0.7379,0.7938,0.6579,1.0747
YAMASHITA_LIVER_CANCER_WITH_EPCAM_DN,12,-0.5792,0.1936,0.1225,0.0757,0.0064,0.25
YAMASHITA_LIVER_CANCER_WITH_EPCAM_UP,51,0.7662,0.8378,0.7844,0.8508,0.7603,0.9621
