set_name	n_genes_downloaded	n_genes_stated_on_site	match	first_author	year	pmid	status
ACEVEDO_LIVER_CANCER_DN	540	540	yes	Acevedo	2008	18413731	ok
ACEVEDO_LIVER_CANCER_UP	972	972	yes	Acevedo	2008	18413731	ok
ACEVEDO_LIVER_CANCER_WITH_H3K27ME3_DN	222	222	yes	Acevedo	2008	18413731	ok
ACEVEDO_LIVER_CANCER_WITH_H3K27ME3_UP	290	290	yes	Acevedo	2008	18413731	ok
ACEVEDO_LIVER_CANCER_WITH_H3K9ME3_DN	119	119	yes	Acevedo	2008	18413731	ok
ACEVEDO_LIVER_CANCER_WITH_H3K9ME3_UP	137	137	yes	Acevedo	2008	18413731	ok
ACEVEDO_LIVER_TUMOR_VS_NORMAL_ADJACENT_TISSUE_DN	274	274	yes	Acevedo	2008	18413731	ok
ACEVEDO_LIVER_TUMOR_VS_NORMAL_ADJACENT_TISSUE_UP	863	863	yes	Acevedo	2008	18413731	ok
ACEVEDO_METHYLATED_IN_LIVER_CANCER_DN	876	876	yes	Acevedo	2008	18413731	ok
ACEVEDO_NORMAL_TISSUE_ADJACENT_TO_LIVER_TUMOR_DN	354	354	yes	Acevedo	2008	18413731	ok
ACEVEDO_NORMAL_TISSUE_ADJACENT_TO_LIVER_TUMOR_UP	173	173	yes	Acevedo	2008	18413731	ok
ANDERSEN_LIVER_CANCER_KRT19_DN	75	75	yes	Villanueva	2011	21320499	ok
ANDERSEN_LIVER_CANCER_KRT19_UP	35	35	yes	Villanueva	2011	21320499	ok
BORLAK_LIVER_CANCER_EGF_UP	54	54	yes	Borlak	2005	15674348	ok
BOYAULT_LIVER_CANCER_SUBCLASS_G123_DN	51	51	yes	Boyault	2006	17187432	ok
BOYAULT_LIVER_CANCER_SUBCLASS_G123_UP	47	47	yes	Boyault	2006	17187432	ok
BOYAULT_LIVER_CANCER_SUBCLASS_G12_DN	15	15	yes	Boyault	2006	17187432	ok
BOYAULT_LIVER_CANCER_SUBCLASS_G12_UP	39	39	yes	Boyault	2006	17187432	ok
BOYAULT_LIVER_CANCER_SUBCLASS_G1_DN	38	38	yes	Boyault	2006	17187432	ok
BOYAULT_LIVER_CANCER_SUBCLASS_G1_UP	116	116	yes	Boyault	2006	17187432	ok
BOYAULT_LIVER_CANCER_SUBCLASS_G2	28	28	yes	Boyault	2006	17187432	ok
BOYAULT_LIVER_CANCER_SUBCLASS_G23_DN	10	10	yes	Boyault	2006	17187432	ok
BOYAULT_LIVER_CANCER_SUBCLASS_G23_UP	53	53	yes	Boyault	2006	17187432	ok
BOYAULT_LIVER_CANCER_SUBCLASS_G3_DN	52	52	yes	Boyault	2006	17187432	ok
BOYAULT_LIVER_CANCER_SUBCLASS_G3_UP	189	189	yes	Boyault	2006	17187432	ok
BOYAULT_LIVER_CANCER_SUBCLASS_G56_DN	17	17	yes	Boyault	2006	17187432	ok
BOYAULT_LIVER_CANCER_SUBCLASS_G56_UP	12	12	yes	Boyault	2006	17187432	ok
BOYAULT_LIVER_CANCER_SUBCLASS_G5_DN	28	28	yes	Boyault	2006	17187432	ok
BOYAULT_LIVER_CANCER_SUBCLASS_G6_DN	19	19	yes	Boyault	2006	17187432	ok
BOYAULT_LIVER_CANCER_SUBCLASS_G6_UP	66	66	yes	Boyault	2006	17187432	ok
BREUHAHN_GROWTH_FACTOR_SIGNALING_IN_LIVER_CANCER	15	15	yes	Breuhahn	2006	16799620	ok
CAIRO_HEPATOBLASTOMA_CLASSES_DN	214	214	yes	Cairo	2008	19061838	ok
CAIRO_HEPATOBLASTOMA_CLASSES_UP	609	609	yes	Cairo	2008	19061838	ok
CAIRO_HEPATOBLASTOMA_DN	267	267	yes	Cairo	2008	19061838	ok
CAIRO_HEPATOBLASTOMA_POOR_SURVIVAL	16	16	yes	Cairo	2008	19061838	ok
CAIRO_HEPATOBLASTOMA_UP	213	213	yes	Cairo	2008	19061838	ok
CAIRO_LIVER_DEVELOPMENT_DN	225	225	yes	Cairo	2008	19061838	ok
CAIRO_LIVER_DEVELOPMENT_UP	166	166	yes	Cairo	2008	19061838	ok
CARRILLOREIXACH_14Q32OVEREXPRESSION_IN_HEPATOBLASTOMA	48	48	yes	Carrillo-Reixach	2020	32240714	ok
CARRILLOREIXACH_HEPATOBLASTOMA_VS_NORMAL_DN	1256	1256	yes	Carrillo-Reixach	2020	32240714	ok
CARRILLOREIXACH_HEPATOBLASTOMA_VS_NORMAL_HYPERMETHYLATED_AND_DN	21	21	yes	Carrillo-Reixach	2020	32240714	ok
CARRILLOREIXACH_HEPATOBLASTOMA_VS_NORMAL_HYPOMETHYLATED_AND_UP	162	162	yes	Carrillo-Reixach	2020	32240714	ok
CARRILLOREIXACH_HEPATOBLASTOMA_VS_NORMAL_UP	891	891	yes	Carrillo-Reixach	2020	32240714	ok
CARRILLOREIXACH_MRS3_VS_LOWER_RISK_HEPATOBLASTOMA_DN	168	168	yes	Carrillo-Reixach	2020	32240714	ok
CARRILLOREIXACH_MRS3_VS_LOWER_RISK_HEPATOBLASTOMA_UP	51	51	yes	Carrillo-Reixach	2020	32240714	ok
CAVARD_LIVER_CANCER_MALIGNANT_VS_BENIGN	32	32	yes	Cavard	2005	16314847	ok
CHEN_LIVER_METABOLISM_QTL_CIS	95	NA	na	Chen	2008	18344982	ok
CHIANG_LIVER_CANCER_SUBCLASS_CTNNB1_DN	170	170	yes	Chiang	2008	18701503	ok
CHIANG_LIVER_CANCER_SUBCLASS_CTNNB1_UP	175	175	yes	Chiang	2008	18701503	ok
CHIANG_LIVER_CANCER_SUBCLASS_INTERFERON_DN	52	52	yes	Chiang	2008	18701503	ok
CHIANG_LIVER_CANCER_SUBCLASS_INTERFERON_UP	26	26	yes	Chiang	2008	18701503	ok
CHIANG_LIVER_CANCER_SUBCLASS_POLYSOMY7_DN	25	25	yes	Chiang	2008	18701503	ok
CHIANG_LIVER_CANCER_SUBCLASS_POLYSOMY7_UP	79	79	yes	Chiang	2008	18701503	ok
CHIANG_LIVER_CANCER_SUBCLASS_PROLIFERATION_DN	179	179	yes	Chiang	2008	18701503	ok
CHIANG_LIVER_CANCER_SUBCLASS_PROLIFERATION_UP	179	179	yes	Chiang	2008	18701503	ok
CHIANG_LIVER_CANCER_SUBCLASS_UNANNOTATED_DN	194	194	yes	Chiang	2008	18701503	ok
CHIANG_LIVER_CANCER_SUBCLASS_UNANNOTATED_UP	86	86	yes	Chiang	2008	18701503	ok
DESERT_EXTRACELLULAR_MATRIX_HEPATOCELLULAR_CARCINOMA_SUBCLASS_UP	22	22	yes	Desert	2017	28498607	ok
DESERT_PERIPORTAL_HEPATOCELLULAR_CARCINOMA_SUBCLASS_UP	159	159	yes	Desert	2017	28498607	ok
DESERT_PERIVENOUS_HEPATOCELLULAR_CARCINOMA_SUBCLASS_UP	155	155	yes	Desert	2017	28498607	ok
DESERT_STEM_CELL_HEPATOCELLULAR_CARCINOMA_SUBCLASS_UP	242	242	yes	Desert	2017	28498607	ok
FUJIWARA_PARK2_HEPATOCYTE_PROLIFERATION_DN	9	9	yes	Fujiwara	2008	18574468	ok
FUJIWARA_PARK2_HEPATOCYTE_PROLIFERATION_UP	11	11	yes	Fujiwara	2008	18574468	ok
FUJIWARA_PARK2_IN_LIVER_CANCER_DN	6	6	yes	Fujiwara	2008	18574468	ok
FUJIWARA_PARK2_IN_LIVER_CANCER_UP	8	8	yes	Fujiwara	2008	18574468	ok
HEBERT_MATRISOME_TNBC_BONE_BRAIN_LIVER_LUNG_METASTASTASES	13	13	yes	Hebert	2020	32019869	ok
HEBERT_MATRISOME_TNBC_BONE_BRAIN_LUNG_LIVER_METASTASTASES_TUMOR_CELL_DERIVED	7	7	yes	Hebert	2020	32019869	ok
HEBERT_MATRISOME_TNBC_LIVER_METASTASIS	14	14	yes	Hebert	2020	32019869	ok
HOSHIDA_LIVER_CANCER_LATE_RECURRENCE_DN	70	70	yes	Hoshida	2008	18923165	ok
HOSHIDA_LIVER_CANCER_LATE_RECURRENCE_UP	62	62	yes	Hoshida	2008	18923165	ok
HOSHIDA_LIVER_CANCER_SUBCLASS_S1	235	235	yes	Hoshida	2009	19723656	ok
HOSHIDA_LIVER_CANCER_SUBCLASS_S2	115	115	yes	Hoshida	2009	19723656	ok
HOSHIDA_LIVER_CANCER_SUBCLASS_S3	266	266	yes	Hoshida	2009	19723656	ok
HOSHIDA_LIVER_CANCER_SURVIVAL_DN	113	113	yes	Hoshida	2008	18923165	ok
HOSHIDA_LIVER_CANCER_SURVIVAL_UP	73	73	yes	Hoshida	2008	18923165	ok
HO_LIVER_CANCER_VASCULAR_INVASION	13	13	yes	Ho	2006	17009164	ok
HSIAO_LIVER_SPECIFIC_GENES	247	247	yes	Hsiao	2001	11773596	ok
IIZUKA_LIVER_CANCER_EARLY_RECURRENCE	11	11	yes	Iizuka	2003	12648972	ok
IIZUKA_LIVER_CANCER_PROGRESSION_G1_G2_DN	25	25	yes	Iizuka	2005	15710396	ok
IIZUKA_LIVER_CANCER_PROGRESSION_G1_G2_UP	12	12	yes	Iizuka	2005	15710396	ok
IIZUKA_LIVER_CANCER_PROGRESSION_G2_G3_DN	9	9	yes	Iizuka	2005	15710396	ok
IIZUKA_LIVER_CANCER_PROGRESSION_G2_G3_UP	27	27	yes	Iizuka	2005	15710396	ok
IIZUKA_LIVER_CANCER_PROGRESSION_L0_L1_DN	17	17	yes	Iizuka	2005	15710396	ok
IIZUKA_LIVER_CANCER_PROGRESSION_L0_L1_UP	15	15	yes	Iizuka	2005	15710396	ok
IIZUKA_LIVER_CANCER_PROGRESSION_L1_G1_DN	10	10	yes	Iizuka	2005	15710396	ok
IIZUKA_LIVER_CANCER_PROGRESSION_L1_G1_UP	20	20	yes	Iizuka	2005	15710396	ok
KAPOSI_LIVER_CANCER_MET_DN	6	6	yes	Kaposi-Novak	2006	16710476	ok
KAPOSI_LIVER_CANCER_MET_UP	18	18	yes	Kaposi-Novak	2006	16710476	ok
KIM_LIVER_CANCER_POOR_SURVIVAL_DN	43	43	yes	Villanueva	2011	21320499	ok
KIM_LIVER_CANCER_POOR_SURVIVAL_UP	22	22	yes	Villanueva	2011	21320499	ok
KUROKAWA_LIVER_CANCER_EARLY_RECURRENCE_DN	6	6	yes	Kurokawa	2004	15288478	ok
KUROKAWA_LIVER_CANCER_EARLY_RECURRENCE_UP	12	12	yes	Kurokawa	2004	15288478	ok
LEE_LIVER_CANCER_ACOX1_DN	65	65	yes	Lee	2004	15565109	ok
LEE_LIVER_CANCER_ACOX1_UP	65	65	yes	Lee	2004	15565109	ok
LEE_LIVER_CANCER_CIPROFIBRATE_DN	66	66	yes	Lee	2004	15565109	ok
LEE_LIVER_CANCER_CIPROFIBRATE_UP	60	60	yes	Lee	2004	15565109	ok
LEE_LIVER_CANCER_DENA_DN	74	74	yes	Lee	2004	15565109	ok
LEE_LIVER_CANCER_DENA_UP	60	60	yes	Lee	2004	15565109	ok
LEE_LIVER_CANCER_E2F1_DN	64	64	yes	Lee	2004	15565109	ok
LEE_LIVER_CANCER_E2F1_UP	63	63	yes	Lee	2004	15565109	ok
LEE_LIVER_CANCER_HEPATOBLAST	16	16	yes	Lee	2006	16532004	ok
LEE_LIVER_CANCER_MYC_DN	63	63	yes	Lee	2004	15565109	ok
LEE_LIVER_CANCER_MYC_E2F1_DN	64	64	yes	Lee	2004	15565109	ok
LEE_LIVER_CANCER_MYC_E2F1_UP	56	56	yes	Lee	2004	15565109	ok
LEE_LIVER_CANCER_MYC_TGFA_DN	65	65	yes	Lee	2004	15565109	ok
LEE_LIVER_CANCER_MYC_TGFA_UP	61	61	yes	Lee	2004	15565109	ok
LEE_LIVER_CANCER_MYC_UP	54	54	yes	Lee	2004	15565109	ok
LEE_LIVER_CANCER_SURVIVAL_DN	180	180	yes	Lee	2004	15349906	ok
LEE_LIVER_CANCER_SURVIVAL_UP	187	187	yes	Lee	2004	15349906	ok
LIU_LIVER_CANCER	35	35	yes	Liu	2008	18332864	ok
MARTORIATI_MDM4_TARGETS_FETAL_LIVER_DN	516	516	yes	Martoriati	2004	15608685	ok
MARTORIATI_MDM4_TARGETS_FETAL_LIVER_UP	239	239	yes	Martoriati	2004	15608685	ok
MIDORIKAWA_AMPLIFIED_IN_LIVER_CANCER	55	55	yes	Midorikawa	2006	16785998	ok
MINGUEZ_LIVER_CANCER_VASCULAR_INVASION_DN	21	21	yes	Villanueva	2011	21320499	ok
MINGUEZ_LIVER_CANCER_VASCULAR_INVASION_UP	14	14	yes	Villanueva	2011	21320499	ok
NABA_MATRISOME_METASTATIC_COLORECTAL_LIVER_METASTASIS	30	30	yes	Naba	2014	25037231	ok
OHGUCHI_LIVER_HNF4A_TARGETS_DN	170	170	yes	Ohguchi	2008	18426912	ok
OHGUCHI_LIVER_HNF4A_TARGETS_UP	50	50	yes	Ohguchi	2008	18426912	ok
PATIL_LIVER_CANCER	660	660	yes	Patil	2005	15735714	ok
ROESSLER_LIVER_CANCER_METASTASIS_DN	51	51	yes	Roessler	2010	21159642	ok
ROESSLER_LIVER_CANCER_METASTASIS_UP	106	106	yes	Roessler	2010	21159642	ok
SAKAI_CHRONIC_HEPATITIS_VS_LIVER_CANCER_DN	36	36	yes	Sakai	2008	19074895	ok
SAKAI_CHRONIC_HEPATITIS_VS_LIVER_CANCER_UP	82	82	yes	Sakai	2008	19074895	ok
SERVITJA_LIVER_HNF1A_TARGETS_DN	164	164	yes	Servitja	2009	19289501	ok
SERVITJA_LIVER_HNF1A_TARGETS_UP	138	138	yes	Servitja	2009	19289501	ok
SHETH_LIVER_CANCER_VS_TXNIP_LOSS_PAM1	260	260	yes	Sheth	2006	16607285	ok
SHETH_LIVER_CANCER_VS_TXNIP_LOSS_PAM2	168	168	yes	Sheth	2006	16607285	ok
SHETH_LIVER_CANCER_VS_TXNIP_LOSS_PAM3	75	75	yes	Sheth	2006	16607285	ok
SHETH_LIVER_CANCER_VS_TXNIP_LOSS_PAM4	288	288	yes	Sheth	2006	16607285	ok
SHETH_LIVER_CANCER_VS_TXNIP_LOSS_PAM5	111	111	yes	Sheth	2006	16607285	ok
SHETH_LIVER_CANCER_VS_TXNIP_LOSS_PAM6	55	55	yes	Sheth	2006	16607285	ok
SMID_BREAST_CANCER_RELAPSE_IN_LIVER_DN	10	10	yes	Smid	2008	18451135	ok
SMID_BREAST_CANCER_RELAPSE_IN_LIVER_UP	6	6	yes	Smid	2008	18451135	ok
SMITH_LIVER_CANCER	47	47	yes	Smith	2003	12591738	ok
SU_LIVER	58	58	yes	Su	2002	11904358	ok
VILLANUEVA_LIVER_CANCER_KRT19_DN	63	63	yes	Villanueva	2011	21320499	ok
VILLANUEVA_LIVER_CANCER_KRT19_UP	175	175	yes	Villanueva	2011	21320499	ok
WANG_RECURRENT_LIVER_CANCER_DN	16	16	yes	Wang	2007	17975138	ok
WANG_RECURRENT_LIVER_CANCER_UP	20	20	yes	Wang	2007	17975138	ok
WENG_POR_TARGETS_LIVER_DN	23	23	yes	Weng	2005	16006652	ok
WENG_POR_TARGETS_LIVER_UP	44	44	yes	Weng	2005	16006652	ok
WIEMANN_TELOMERE_SHORTENING_AND_CHRONIC_LIVER_DAMAGE_DN	6	6	yes	Wiemann	2004	15608677	ok
WIEMANN_TELOMERE_SHORTENING_AND_CHRONIC_LIVER_DAMAGE_UP	11	11	yes	Wiemann	2004	15608677	ok
WOO_LIVER_CANCER_RECURRENCE_DN	78	78	yes	Woo	2008	18381945	ok
WOO_LIVER_CANCER_RECURRENCE_UP	105	105	yes	Woo	2008	18381945	ok
YAMASHITA_LIVER_CANCER_STEM_CELL_DN	76	76	yes	Yamashita	2008	19150350	ok
YAMASHITA_LIVER_CANCER_STEM_CELL_UP	47	47	yes	Yamashita	2008	19150350	ok
YAMASHITA_LIVER_CANCER_WITH_EPCAM_DN	17	NA	na	Yamashita	2008	18316609	ok
YAMASHITA_LIVER_CANCER_WITH_EPCAM_UP	53	NA	na	Yamashita	2008	18316609	ok
